"state","state_first_infection","country","level1_name","n"
"Alabama",2022-02-23,"Canada","New Brunswick",18
"Alabama",2022-02-23,"Canada","Newfoundland and Labrador",20
"Alabama",2022-02-23,"Canada","Nova Scotia",37
"Alabama",2022-02-23,"Canada","Prince Edward Island",15
"Alabama",2022-02-23,"United States of America","Connecticut",1
"Alabama",2022-02-23,"United States of America","Delaware",1
"Alabama",2022-02-23,"United States of America","Florida",1
"Alabama",2022-02-23,"United States of America","Indiana",9
"Alabama",2022-02-23,"United States of America","Iowa",2
"Alabama",2022-02-23,"United States of America","Kentucky",5
"Alabama",2022-02-23,"United States of America","Maine",4
"Alabama",2022-02-23,"United States of America","Maryland",1
"Alabama",2022-02-23,"United States of America","New Hampshire",1
"Alabama",2022-02-23,"United States of America","New York",7
"Alabama",2022-02-23,"United States of America","North Carolina",8
"Alabama",2022-02-23,"United States of America","Virginia",3
"Alaska",2022-04-26,"Canada","Alberta",122
"Alaska",2022-04-26,"Canada","British Columbia",14
"Alaska",2022-04-26,"Canada","Manitoba",46
"Alaska",2022-04-26,"Canada","New Brunswick",47
"Alaska",2022-04-26,"Canada","Nova Scotia",30
"Alaska",2022-04-26,"Canada","Ontario",75
"Alaska",2022-04-26,"Canada","Prince Edward Island",24
"Alaska",2022-04-26,"Canada","Québec",106
"Alaska",2022-04-26,"Canada","Saskatchewan",74
"Alaska",2022-04-26,"Japan","Akita",2
"Alaska",2022-04-26,"Japan","Aomori",2
"Alaska",2022-04-26,"Japan","Hokkaido",2
"Alaska",2022-04-26,"United Kingdom","England",236
"Alaska",2022-04-26,"United Kingdom","Scotland",178
"Alaska",2022-04-26,"United Kingdom","Wales",5
"Alaska",2022-04-26,"United States of America","Alabama",1
"Alaska",2022-04-26,"United States of America","Colorado",7
"Alaska",2022-04-26,"United States of America","Connecticut",5
"Alaska",2022-04-26,"United States of America","Delaware",8
"Alaska",2022-04-26,"United States of America","Florida",13
"Alaska",2022-04-26,"United States of America","Idaho",6
"Alaska",2022-04-26,"United States of America","Illinois",7
"Alaska",2022-04-26,"United States of America","Indiana",18
"Alaska",2022-04-26,"United States of America","Iowa",41
"Alaska",2022-04-26,"United States of America","Kansas",13
"Alaska",2022-04-26,"United States of America","Kentucky",5
"Alaska",2022-04-26,"United States of America","Maine",27
"Alaska",2022-04-26,"United States of America","Maryland",12
"Alaska",2022-04-26,"United States of America","Massachusetts",5
"Alaska",2022-04-26,"United States of America","Michigan",20
"Alaska",2022-04-26,"United States of America","Minnesota",150
"Alaska",2022-04-26,"United States of America","Missouri",22
"Alaska",2022-04-26,"United States of America","Montana",13
"Alaska",2022-04-26,"United States of America","Nebraska",19
"Alaska",2022-04-26,"United States of America","New Hampshire",5
"Alaska",2022-04-26,"United States of America","New Jersey",1
"Alaska",2022-04-26,"United States of America","New York",30
"Alaska",2022-04-26,"United States of America","North Carolina",28
"Alaska",2022-04-26,"United States of America","North Dakota",28
"Alaska",2022-04-26,"United States of America","Ohio",4
"Alaska",2022-04-26,"United States of America","Pennsylvania",9
"Alaska",2022-04-26,"United States of America","South Dakota",91
"Alaska",2022-04-26,"United States of America","Tennessee",1
"Alaska",2022-04-26,"United States of America","Texas",3
"Alaska",2022-04-26,"United States of America","Utah",5
"Alaska",2022-04-26,"United States of America","Vermont",3
"Alaska",2022-04-26,"United States of America","Virginia",3
"Alaska",2022-04-26,"United States of America","Wisconsin",31
"Alaska",2022-04-26,"United States of America","Wyoming",13
"Arizona",2022-06-07,"Canada","Alberta",102
"Arizona",2022-06-07,"Canada","British Columbia",59
"Arizona",2022-06-07,"Canada","Manitoba",45
"Arizona",2022-06-07,"Canada","New Brunswick",35
"Arizona",2022-06-07,"Canada","Newfoundland and Labrador",27
"Arizona",2022-06-07,"Canada","Nova Scotia",30
"Arizona",2022-06-07,"Canada","Ontario",123
"Arizona",2022-06-07,"Canada","Prince Edward Island",14
"Arizona",2022-06-07,"Canada","Québec",93
"Arizona",2022-06-07,"Canada","Saskatchewan",69
"Arizona",2022-06-07,"Canada","Yukon",1
"Arizona",2022-06-07,"United States of America","Alabama",1
"Arizona",2022-06-07,"United States of America","Alaska",5
"Arizona",2022-06-07,"United States of America","Colorado",16
"Arizona",2022-06-07,"United States of America","Connecticut",5
"Arizona",2022-06-07,"United States of America","Delaware",8
"Arizona",2022-06-07,"United States of America","District of Columbia",1
"Arizona",2022-06-07,"United States of America","Florida",13
"Arizona",2022-06-07,"United States of America","Georgia",2
"Arizona",2022-06-07,"United States of America","Idaho",44
"Arizona",2022-06-07,"United States of America","Illinois",8
"Arizona",2022-06-07,"United States of America","Indiana",7
"Arizona",2022-06-07,"United States of America","Iowa",33
"Arizona",2022-06-07,"United States of America","Kansas",14
"Arizona",2022-06-07,"United States of America","Kentucky",1
"Arizona",2022-06-07,"United States of America","Maine",27
"Arizona",2022-06-07,"United States of America","Maryland",12
"Arizona",2022-06-07,"United States of America","Massachusetts",7
"Arizona",2022-06-07,"United States of America","Michigan",37
"Arizona",2022-06-07,"United States of America","Minnesota",185
"Arizona",2022-06-07,"United States of America","Missouri",20
"Arizona",2022-06-07,"United States of America","Montana",15
"Arizona",2022-06-07,"United States of America","Nebraska",19
"Arizona",2022-06-07,"United States of America","New Hampshire",5
"Arizona",2022-06-07,"United States of America","New Jersey",3
"Arizona",2022-06-07,"United States of America","New York",33
"Arizona",2022-06-07,"United States of America","North Carolina",28
"Arizona",2022-06-07,"United States of America","North Dakota",39
"Arizona",2022-06-07,"United States of America","Ohio",5
"Arizona",2022-06-07,"United States of America","Oregon",3
"Arizona",2022-06-07,"United States of America","Pennsylvania",36
"Arizona",2022-06-07,"United States of America","South Dakota",46
"Arizona",2022-06-07,"United States of America","Tennessee",1
"Arizona",2022-06-07,"United States of America","Utah",10
"Arizona",2022-06-07,"United States of America","Vermont",3
"Arizona",2022-06-07,"United States of America","Virginia",1
"Arizona",2022-06-07,"United States of America","Washington",25
"Arizona",2022-06-07,"United States of America","Wisconsin",58
"Arizona",2022-06-07,"United States of America","Wyoming",19
"Arkansas",2022-10-06,"Canada","Alberta",68
"Arkansas",2022-10-06,"Canada","British Columbia",38
"Arkansas",2022-10-06,"Canada","Manitoba",37
"Arkansas",2022-10-06,"Canada","New Brunswick",5
"Arkansas",2022-10-06,"Canada","Newfoundland and Labrador",13
"Arkansas",2022-10-06,"Canada","Nova Scotia",6
"Arkansas",2022-10-06,"Canada","Ontario",54
"Arkansas",2022-10-06,"Canada","Prince Edward Island",4
"Arkansas",2022-10-06,"Canada","Québec",40
"Arkansas",2022-10-06,"Canada","Saskatchewan",25
"Arkansas",2022-10-06,"Canada","Yukon",1
"Arkansas",2022-10-06,"United States of America","Alaska",8
"Arkansas",2022-10-06,"United States of America","California",32
"Arkansas",2022-10-06,"United States of America","Colorado",5
"Arkansas",2022-10-06,"United States of America","Connecticut",3
"Arkansas",2022-10-06,"United States of America","Delaware",7
"Arkansas",2022-10-06,"United States of America","Florida",4
"Arkansas",2022-10-06,"United States of America","Georgia",3
"Arkansas",2022-10-06,"United States of America","Idaho",45
"Arkansas",2022-10-06,"United States of America","Illinois",2
"Arkansas",2022-10-06,"United States of America","Indiana",4
"Arkansas",2022-10-06,"United States of America","Iowa",1
"Arkansas",2022-10-06,"United States of America","Kansas",3
"Arkansas",2022-10-06,"United States of America","Kentucky",1
"Arkansas",2022-10-06,"United States of America","Maine",12
"Arkansas",2022-10-06,"United States of America","Maryland",1
"Arkansas",2022-10-06,"United States of America","Massachusetts",2
"Arkansas",2022-10-06,"United States of America","Michigan",6
"Arkansas",2022-10-06,"United States of America","Minnesota",42
"Arkansas",2022-10-06,"United States of America","Mississippi",1
"Arkansas",2022-10-06,"United States of America","Montana",2
"Arkansas",2022-10-06,"United States of America","Nebraska",7
"Arkansas",2022-10-06,"United States of America","Nevada",2
"Arkansas",2022-10-06,"United States of America","New Hampshire",1
"Arkansas",2022-10-06,"United States of America","New Jersey",2
"Arkansas",2022-10-06,"United States of America","New Mexico",1
"Arkansas",2022-10-06,"United States of America","New York",5
"Arkansas",2022-10-06,"United States of America","North Dakota",7
"Arkansas",2022-10-06,"United States of America","Ohio",9
"Arkansas",2022-10-06,"United States of America","Oregon",21
"Arkansas",2022-10-06,"United States of America","Pennsylvania",11
"Arkansas",2022-10-06,"United States of America","Rhode Island",1
"Arkansas",2022-10-06,"United States of America","South Dakota",13
"Arkansas",2022-10-06,"United States of America","Tennessee",1
"Arkansas",2022-10-06,"United States of America","Texas",2
"Arkansas",2022-10-06,"United States of America","Utah",24
"Arkansas",2022-10-06,"United States of America","Virginia",3
"Arkansas",2022-10-06,"United States of America","Washington",41
"Arkansas",2022-10-06,"United States of America","Wisconsin",20
"Arkansas",2022-10-06,"United States of America","Wyoming",6
"California",2022-07-14,"Canada","Alberta",46
"California",2022-07-14,"Canada","British Columbia",30
"California",2022-07-14,"Canada","Manitoba",22
"California",2022-07-14,"Canada","New Brunswick",5
"California",2022-07-14,"Canada","Newfoundland and Labrador",6
"California",2022-07-14,"Canada","Nova Scotia",8
"California",2022-07-14,"Canada","Ontario",46
"California",2022-07-14,"Canada","Prince Edward Island",4
"California",2022-07-14,"Canada","Québec",46
"California",2022-07-14,"Canada","Saskatchewan",13
"California",2022-07-14,"Canada","Yukon",1
"California",2022-07-14,"United Kingdom","England",165
"California",2022-07-14,"United Kingdom","Northern Ireland",7
"California",2022-07-14,"United Kingdom","Scotland",88
"California",2022-07-14,"United Kingdom","Wales",5
"California",2022-07-14,"United States of America","Alaska",2
"California",2022-07-14,"United States of America","Colorado",15
"California",2022-07-14,"United States of America","Connecticut",4
"California",2022-07-14,"United States of America","Delaware",7
"California",2022-07-14,"United States of America","Georgia",2
"California",2022-07-14,"United States of America","Idaho",41
"California",2022-07-14,"United States of America","Illinois",6
"California",2022-07-14,"United States of America","Indiana",4
"California",2022-07-14,"United States of America","Iowa",9
"California",2022-07-14,"United States of America","Kansas",13
"California",2022-07-14,"United States of America","Maine",37
"California",2022-07-14,"United States of America","Maryland",4
"California",2022-07-14,"United States of America","Massachusetts",4
"California",2022-07-14,"United States of America","Michigan",19
"California",2022-07-14,"United States of America","Minnesota",165
"California",2022-07-14,"United States of America","Missouri",7
"California",2022-07-14,"United States of America","Montana",10
"California",2022-07-14,"United States of America","Nebraska",10
"California",2022-07-14,"United States of America","Nevada",1
"California",2022-07-14,"United States of America","New Hampshire",3
"California",2022-07-14,"United States of America","New Jersey",2
"California",2022-07-14,"United States of America","New York",22
"California",2022-07-14,"United States of America","North Carolina",2
"California",2022-07-14,"United States of America","North Dakota",21
"California",2022-07-14,"United States of America","Ohio",2
"California",2022-07-14,"United States of America","Oregon",8
"California",2022-07-14,"United States of America","Pennsylvania",14
"California",2022-07-14,"United States of America","Rhode Island",1
"California",2022-07-14,"United States of America","South Dakota",18
"California",2022-07-14,"United States of America","Utah",6
"California",2022-07-14,"United States of America","Vermont",1
"California",2022-07-14,"United States of America","Washington",33
"California",2022-07-14,"United States of America","Wisconsin",31
"California",2022-07-14,"United States of America","Wyoming",16
"Colorado",2022-03-24,"Canada","New Brunswick",43
"Colorado",2022-03-24,"Canada","Newfoundland and Labrador",3
"Colorado",2022-03-24,"Canada","Nova Scotia",50
"Colorado",2022-03-24,"Canada","Ontario",19
"Colorado",2022-03-24,"Canada","Prince Edward Island",24
"Colorado",2022-03-24,"Canada","Québec",10
"Colorado",2022-03-24,"United States of America","Alabama",1
"Colorado",2022-03-24,"United States of America","Connecticut",5
"Colorado",2022-03-24,"United States of America","Delaware",8
"Colorado",2022-03-24,"United States of America","Florida",7
"Colorado",2022-03-24,"United States of America","Illinois",3
"Colorado",2022-03-24,"United States of America","Indiana",15
"Colorado",2022-03-24,"United States of America","Iowa",14
"Colorado",2022-03-24,"United States of America","Kansas",11
"Colorado",2022-03-24,"United States of America","Kentucky",5
"Colorado",2022-03-24,"United States of America","Maine",21
"Colorado",2022-03-24,"United States of America","Maryland",12
"Colorado",2022-03-24,"United States of America","Massachusetts",5
"Colorado",2022-03-24,"United States of America","Michigan",6
"Colorado",2022-03-24,"United States of America","Missouri",12
"Colorado",2022-03-24,"United States of America","Nebraska",5
"Colorado",2022-03-24,"United States of America","New Hampshire",5
"Colorado",2022-03-24,"United States of America","New Jersey",1
"Colorado",2022-03-24,"United States of America","New York",8
"Colorado",2022-03-24,"United States of America","North Carolina",10
"Colorado",2022-03-24,"United States of America","Ohio",2
"Colorado",2022-03-24,"United States of America","South Dakota",16
"Colorado",2022-03-24,"United States of America","Tennessee",1
"Colorado",2022-03-24,"United States of America","Texas",3
"Colorado",2022-03-24,"United States of America","Virginia",3
"Colorado",2022-03-24,"United States of America","Wisconsin",3
"Connecticut",2022-02-16,"Canada","New Brunswick",18
"Connecticut",2022-02-16,"Canada","Newfoundland and Labrador",20
"Connecticut",2022-02-16,"Canada","Nova Scotia",45
"Connecticut",2022-02-16,"Canada","Prince Edward Island",15
"Connecticut",2022-02-16,"United States of America","Delaware",1
"Connecticut",2022-02-16,"United States of America","Indiana",3
"Connecticut",2022-02-16,"United States of America","Kentucky",4
"Connecticut",2022-02-16,"United States of America","Maryland",1
"Connecticut",2022-02-16,"United States of America","New Hampshire",1
"Connecticut",2022-02-16,"United States of America","New York",2
"Connecticut",2022-02-16,"United States of America","North Carolina",6
"Connecticut",2022-02-16,"United States of America","Virginia",3
"Delaware",2022-02-09,"Canada","Newfoundland and Labrador",22
"Delaware",2022-02-09,"Canada","Nova Scotia",45
"Delaware",2022-02-09,"Canada","Prince Edward Island",15
"Delaware",2022-02-09,"Japan","Chiba",2
"Delaware",2022-02-09,"Japan","Ehime",4
"Delaware",2022-02-09,"Japan","Kagoshima",1
"Delaware",2022-02-09,"United Kingdom","England",350
"Delaware",2022-02-09,"United Kingdom","Isle of Man",1
"Delaware",2022-02-09,"United Kingdom","Northern Ireland",2
"Delaware",2022-02-09,"United Kingdom","Scotland",180
"Delaware",2022-02-09,"United Kingdom","Wales",25
"Delaware",2022-02-09,"United States of America","Maryland",1
"Delaware",2022-02-09,"United States of America","North Carolina",6
"Delaware",2022-02-09,"United States of America","Virginia",1
"District of Columbia",2022-06-03,"Canada","Alberta",123
"District of Columbia",2022-06-03,"Canada","British Columbia",59
"District of Columbia",2022-06-03,"Canada","Manitoba",49
"District of Columbia",2022-06-03,"Canada","New Brunswick",35
"District of Columbia",2022-06-03,"Canada","Newfoundland and Labrador",27
"District of Columbia",2022-06-03,"Canada","Nova Scotia",30
"District of Columbia",2022-06-03,"Canada","Ontario",135
"District of Columbia",2022-06-03,"Canada","Prince Edward Island",14
"District of Columbia",2022-06-03,"Canada","Québec",102
"District of Columbia",2022-06-03,"Canada","Saskatchewan",82
"District of Columbia",2022-06-03,"Canada","Yukon",1
"District of Columbia",2022-06-03,"United States of America","Alabama",1
"District of Columbia",2022-06-03,"United States of America","Alaska",5
"District of Columbia",2022-06-03,"United States of America","Colorado",11
"District of Columbia",2022-06-03,"United States of America","Connecticut",5
"District of Columbia",2022-06-03,"United States of America","Delaware",8
"District of Columbia",2022-06-03,"United States of America","Florida",13
"District of Columbia",2022-06-03,"United States of America","Georgia",2
"District of Columbia",2022-06-03,"United States of America","Idaho",44
"District of Columbia",2022-06-03,"United States of America","Illinois",8
"District of Columbia",2022-06-03,"United States of America","Indiana",11
"District of Columbia",2022-06-03,"United States of America","Iowa",33
"District of Columbia",2022-06-03,"United States of America","Kansas",14
"District of Columbia",2022-06-03,"United States of America","Kentucky",1
"District of Columbia",2022-06-03,"United States of America","Maine",27
"District of Columbia",2022-06-03,"United States of America","Maryland",12
"District of Columbia",2022-06-03,"United States of America","Massachusetts",5
"District of Columbia",2022-06-03,"United States of America","Michigan",36
"District of Columbia",2022-06-03,"United States of America","Minnesota",185
"District of Columbia",2022-06-03,"United States of America","Missouri",22
"District of Columbia",2022-06-03,"United States of America","Montana",15
"District of Columbia",2022-06-03,"United States of America","Nebraska",22
"District of Columbia",2022-06-03,"United States of America","New Hampshire",5
"District of Columbia",2022-06-03,"United States of America","New Jersey",3
"District of Columbia",2022-06-03,"United States of America","New York",33
"District of Columbia",2022-06-03,"United States of America","North Carolina",28
"District of Columbia",2022-06-03,"United States of America","North Dakota",39
"District of Columbia",2022-06-03,"United States of America","Ohio",5
"District of Columbia",2022-06-03,"United States of America","Oregon",3
"District of Columbia",2022-06-03,"United States of America","Pennsylvania",34
"District of Columbia",2022-06-03,"United States of America","South Dakota",48
"District of Columbia",2022-06-03,"United States of America","Tennessee",1
"District of Columbia",2022-06-03,"United States of America","Utah",10
"District of Columbia",2022-06-03,"United States of America","Vermont",3
"District of Columbia",2022-06-03,"United States of America","Virginia",1
"District of Columbia",2022-06-03,"United States of America","Washington",21
"District of Columbia",2022-06-03,"United States of America","Wisconsin",58
"District of Columbia",2022-06-03,"United States of America","Wyoming",19
"Florida",2022-02-17,"Canada","New Brunswick",18
"Florida",2022-02-17,"Canada","Newfoundland and Labrador",20
"Florida",2022-02-17,"Canada","Nova Scotia",45
"Florida",2022-02-17,"Canada","Prince Edward Island",15
"Florida",2022-02-17,"United States of America","Delaware",1
"Florida",2022-02-17,"United States of America","Indiana",3
"Florida",2022-02-17,"United States of America","Kentucky",4
"Florida",2022-02-17,"United States of America","Maryland",1
"Florida",2022-02-17,"United States of America","New Hampshire",1
"Florida",2022-02-17,"United States of America","New York",4
"Florida",2022-02-17,"United States of America","North Carolina",6
"Florida",2022-02-17,"United States of America","Virginia",3
"Georgia",2022-05-26,"Canada","Alberta",143
"Georgia",2022-05-26,"Canada","British Columbia",60
"Georgia",2022-05-26,"Canada","Manitoba",46
"Georgia",2022-05-26,"Canada","New Brunswick",35
"Georgia",2022-05-26,"Canada","Newfoundland and Labrador",27
"Georgia",2022-05-26,"Canada","Nova Scotia",30
"Georgia",2022-05-26,"Canada","Ontario",141
"Georgia",2022-05-26,"Canada","Prince Edward Island",15
"Georgia",2022-05-26,"Canada","Québec",97
"Georgia",2022-05-26,"Canada","Saskatchewan",91
"Georgia",2022-05-26,"Canada","Yukon",6
"Georgia",2022-05-26,"United States of America","Alabama",1
"Georgia",2022-05-26,"United States of America","Alaska",5
"Georgia",2022-05-26,"United States of America","Colorado",11
"Georgia",2022-05-26,"United States of America","Connecticut",5
"Georgia",2022-05-26,"United States of America","Delaware",8
"Georgia",2022-05-26,"United States of America","Florida",13
"Georgia",2022-05-26,"United States of America","Idaho",43
"Georgia",2022-05-26,"United States of America","Illinois",8
"Georgia",2022-05-26,"United States of America","Indiana",11
"Georgia",2022-05-26,"United States of America","Iowa",38
"Georgia",2022-05-26,"United States of America","Kansas",14
"Georgia",2022-05-26,"United States of America","Kentucky",1
"Georgia",2022-05-26,"United States of America","Maine",27
"Georgia",2022-05-26,"United States of America","Maryland",12
"Georgia",2022-05-26,"United States of America","Massachusetts",5
"Georgia",2022-05-26,"United States of America","Michigan",36
"Georgia",2022-05-26,"United States of America","Minnesota",184
"Georgia",2022-05-26,"United States of America","Missouri",22
"Georgia",2022-05-26,"United States of America","Montana",15
"Georgia",2022-05-26,"United States of America","Nebraska",22
"Georgia",2022-05-26,"United States of America","New Hampshire",5
"Georgia",2022-05-26,"United States of America","New Jersey",3
"Georgia",2022-05-26,"United States of America","New York",33
"Georgia",2022-05-26,"United States of America","North Carolina",28
"Georgia",2022-05-26,"United States of America","North Dakota",36
"Georgia",2022-05-26,"United States of America","Ohio",5
"Georgia",2022-05-26,"United States of America","Oklahoma",2
"Georgia",2022-05-26,"United States of America","Oregon",3
"Georgia",2022-05-26,"United States of America","Pennsylvania",34
"Georgia",2022-05-26,"United States of America","South Dakota",71
"Georgia",2022-05-26,"United States of America","Tennessee",1
"Georgia",2022-05-26,"United States of America","Utah",9
"Georgia",2022-05-26,"United States of America","Vermont",3
"Georgia",2022-05-26,"United States of America","Virginia",1
"Georgia",2022-05-26,"United States of America","Washington",18
"Georgia",2022-05-26,"United States of America","Wisconsin",58
"Georgia",2022-05-26,"United States of America","Wyoming",19
"Idaho",2022-04-01,"Canada","New Brunswick",43
"Idaho",2022-04-01,"Canada","Newfoundland and Labrador",3
"Idaho",2022-04-01,"Canada","Nova Scotia",34
"Idaho",2022-04-01,"Canada","Ontario",33
"Idaho",2022-04-01,"Canada","Prince Edward Island",24
"Idaho",2022-04-01,"Canada","Québec",16
"Idaho",2022-04-01,"Canada","Saskatchewan",53
"Idaho",2022-04-01,"United States of America","Alabama",1
"Idaho",2022-04-01,"United States of America","Colorado",1
"Idaho",2022-04-01,"United States of America","Connecticut",5
"Idaho",2022-04-01,"United States of America","Delaware",8
"Idaho",2022-04-01,"United States of America","Florida",8
"Idaho",2022-04-01,"United States of America","Illinois",5
"Idaho",2022-04-01,"United States of America","Indiana",15
"Idaho",2022-04-01,"United States of America","Iowa",23
"Idaho",2022-04-01,"United States of America","Kansas",11
"Idaho",2022-04-01,"United States of America","Kentucky",5
"Idaho",2022-04-01,"United States of America","Maine",25
"Idaho",2022-04-01,"United States of America","Maryland",12
"Idaho",2022-04-01,"United States of America","Massachusetts",5
"Idaho",2022-04-01,"United States of America","Michigan",7
"Idaho",2022-04-01,"United States of America","Minnesota",12
"Idaho",2022-04-01,"United States of America","Missouri",15
"Idaho",2022-04-01,"United States of America","Nebraska",10
"Idaho",2022-04-01,"United States of America","New Hampshire",5
"Idaho",2022-04-01,"United States of America","New Jersey",1
"Idaho",2022-04-01,"United States of America","New York",20
"Idaho",2022-04-01,"United States of America","North Carolina",12
"Idaho",2022-04-01,"United States of America","North Dakota",2
"Idaho",2022-04-01,"United States of America","Ohio",4
"Idaho",2022-04-01,"United States of America","Pennsylvania",1
"Idaho",2022-04-01,"United States of America","South Dakota",54
"Idaho",2022-04-01,"United States of America","Tennessee",1
"Idaho",2022-04-01,"United States of America","Texas",3
"Idaho",2022-04-01,"United States of America","Virginia",3
"Idaho",2022-04-01,"United States of America","Wisconsin",5
"Idaho",2022-04-01,"United States of America","Wyoming",8
"Illinois",2022-03-06,"Canada","New Brunswick",18
"Illinois",2022-03-06,"Canada","Newfoundland and Labrador",20
"Illinois",2022-03-06,"Canada","Nova Scotia",29
"Illinois",2022-03-06,"Canada","Prince Edward Island",24
"Illinois",2022-03-06,"United States of America","Alabama",1
"Illinois",2022-03-06,"United States of America","Connecticut",5
"Illinois",2022-03-06,"United States of America","Delaware",4
"Illinois",2022-03-06,"United States of America","Florida",1
"Illinois",2022-03-06,"United States of America","Indiana",14
"Illinois",2022-03-06,"United States of America","Iowa",2
"Illinois",2022-03-06,"United States of America","Kentucky",5
"Illinois",2022-03-06,"United States of America","Maine",5
"Illinois",2022-03-06,"United States of America","Maryland",3
"Illinois",2022-03-06,"United States of America","Massachusetts",1
"Illinois",2022-03-06,"United States of America","Michigan",2
"Illinois",2022-03-06,"United States of America","Missouri",4
"Illinois",2022-03-06,"United States of America","New Hampshire",1
"Illinois",2022-03-06,"United States of America","New Jersey",1
"Illinois",2022-03-06,"United States of America","New York",8
"Illinois",2022-03-06,"United States of America","North Carolina",8
"Illinois",2022-03-06,"United States of America","Ohio",1
"Illinois",2022-03-06,"United States of America","Tennessee",1
"Illinois",2022-03-06,"United States of America","Virginia",3
"Indiana",2022-02-07,"Canada","British Columbia",2
"Indiana",2022-02-07,"Canada","Newfoundland and Labrador",22
"Indiana",2022-02-07,"Canada","Nova Scotia",45
"Indiana",2022-02-07,"Canada","Prince Edward Island",15
"Indiana",2022-02-07,"United States of America","Maryland",1
"Indiana",2022-02-07,"United States of America","North Carolina",6
"Indiana",2022-02-07,"United States of America","Virginia",1
"Iowa",2022-02-17,"Canada","New Brunswick",18
"Iowa",2022-02-17,"Canada","Newfoundland and Labrador",20
"Iowa",2022-02-17,"Canada","Nova Scotia",45
"Iowa",2022-02-17,"Canada","Prince Edward Island",15
"Iowa",2022-02-17,"United States of America","Delaware",1
"Iowa",2022-02-17,"United States of America","Indiana",3
"Iowa",2022-02-17,"United States of America","Kentucky",4
"Iowa",2022-02-17,"United States of America","Maryland",1
"Iowa",2022-02-17,"United States of America","New Hampshire",1
"Iowa",2022-02-17,"United States of America","New York",4
"Iowa",2022-02-17,"United States of America","North Carolina",6
"Iowa",2022-02-17,"United States of America","Virginia",3
"Kansas",2022-03-09,"Canada","New Brunswick",53
"Kansas",2022-03-09,"Canada","Newfoundland and Labrador",20
"Kansas",2022-03-09,"Canada","Nova Scotia",29
"Kansas",2022-03-09,"Canada","Prince Edward Island",24
"Kansas",2022-03-09,"United States of America","Alabama",1
"Kansas",2022-03-09,"United States of America","Connecticut",5
"Kansas",2022-03-09,"United States of America","Delaware",4
"Kansas",2022-03-09,"United States of America","Florida",1
"Kansas",2022-03-09,"United States of America","Indiana",14
"Kansas",2022-03-09,"United States of America","Iowa",2
"Kansas",2022-03-09,"United States of America","Kentucky",5
"Kansas",2022-03-09,"United States of America","Maine",5
"Kansas",2022-03-09,"United States of America","Maryland",7
"Kansas",2022-03-09,"United States of America","Massachusetts",1
"Kansas",2022-03-09,"United States of America","Michigan",2
"Kansas",2022-03-09,"United States of America","Missouri",4
"Kansas",2022-03-09,"United States of America","Nebraska",2
"Kansas",2022-03-09,"United States of America","New Hampshire",1
"Kansas",2022-03-09,"United States of America","New Jersey",1
"Kansas",2022-03-09,"United States of America","New York",8
"Kansas",2022-03-09,"United States of America","North Carolina",10
"Kansas",2022-03-09,"United States of America","Ohio",1
"Kansas",2022-03-09,"United States of America","South Dakota",2
"Kansas",2022-03-09,"United States of America","Tennessee",1
"Kansas",2022-03-09,"United States of America","Virginia",3
"Kentucky",2022-02-09,"Canada","Newfoundland and Labrador",22
"Kentucky",2022-02-09,"Canada","Nova Scotia",45
"Kentucky",2022-02-09,"Canada","Prince Edward Island",15
"Kentucky",2022-02-09,"United States of America","Maryland",1
"Kentucky",2022-02-09,"United States of America","North Carolina",6
"Kentucky",2022-02-09,"United States of America","Virginia",1
"Louisiana",2022-10-13,"Canada","Alberta",66
"Louisiana",2022-10-13,"Canada","British Columbia",40
"Louisiana",2022-10-13,"Canada","Manitoba",44
"Louisiana",2022-10-13,"Canada","New Brunswick",5
"Louisiana",2022-10-13,"Canada","Newfoundland and Labrador",13
"Louisiana",2022-10-13,"Canada","Nova Scotia",6
"Louisiana",2022-10-13,"Canada","Ontario",59
"Louisiana",2022-10-13,"Canada","Prince Edward Island",4
"Louisiana",2022-10-13,"Canada","Québec",35
"Louisiana",2022-10-13,"Canada","Saskatchewan",27
"Louisiana",2022-10-13,"Canada","Yukon",1
"Louisiana",2022-10-13,"Mexico","México",1
"Louisiana",2022-10-13,"United States of America","Alaska",7
"Louisiana",2022-10-13,"United States of America","Arkansas",2
"Louisiana",2022-10-13,"United States of America","California",33
"Louisiana",2022-10-13,"United States of America","Colorado",8
"Louisiana",2022-10-13,"United States of America","Connecticut",3
"Louisiana",2022-10-13,"United States of America","Delaware",7
"Louisiana",2022-10-13,"United States of America","Florida",9
"Louisiana",2022-10-13,"United States of America","Georgia",3
"Louisiana",2022-10-13,"United States of America","Idaho",45
"Louisiana",2022-10-13,"United States of America","Illinois",3
"Louisiana",2022-10-13,"United States of America","Indiana",3
"Louisiana",2022-10-13,"United States of America","Iowa",1
"Louisiana",2022-10-13,"United States of America","Kansas",3
"Louisiana",2022-10-13,"United States of America","Kentucky",2
"Louisiana",2022-10-13,"United States of America","Maine",12
"Louisiana",2022-10-13,"United States of America","Maryland",1
"Louisiana",2022-10-13,"United States of America","Massachusetts",2
"Louisiana",2022-10-13,"United States of America","Michigan",6
"Louisiana",2022-10-13,"United States of America","Minnesota",32
"Louisiana",2022-10-13,"United States of America","Mississippi",1
"Louisiana",2022-10-13,"United States of America","Missouri",2
"Louisiana",2022-10-13,"United States of America","Montana",2
"Louisiana",2022-10-13,"United States of America","Nebraska",7
"Louisiana",2022-10-13,"United States of America","Nevada",2
"Louisiana",2022-10-13,"United States of America","New Hampshire",1
"Louisiana",2022-10-13,"United States of America","New Jersey",3
"Louisiana",2022-10-13,"United States of America","New Mexico",1
"Louisiana",2022-10-13,"United States of America","New York",5
"Louisiana",2022-10-13,"United States of America","North Dakota",7
"Louisiana",2022-10-13,"United States of America","Ohio",9
"Louisiana",2022-10-13,"United States of America","Oregon",21
"Louisiana",2022-10-13,"United States of America","Pennsylvania",13
"Louisiana",2022-10-13,"United States of America","Rhode Island",1
"Louisiana",2022-10-13,"United States of America","South Dakota",18
"Louisiana",2022-10-13,"United States of America","Tennessee",1
"Louisiana",2022-10-13,"United States of America","Texas",4
"Louisiana",2022-10-13,"United States of America","Utah",24
"Louisiana",2022-10-13,"United States of America","Virginia",3
"Louisiana",2022-10-13,"United States of America","Washington",38
"Louisiana",2022-10-13,"United States of America","Wisconsin",15
"Louisiana",2022-10-13,"United States of America","Wyoming",7
"Maine",2022-02-14,"Canada","New Brunswick",10
"Maine",2022-02-14,"Canada","Newfoundland and Labrador",20
"Maine",2022-02-14,"Canada","Nova Scotia",45
"Maine",2022-02-14,"Canada","Prince Edward Island",15
"Maine",2022-02-14,"United States of America","Delaware",1
"Maine",2022-02-14,"United States of America","Indiana",3
"Maine",2022-02-14,"United States of America","Kentucky",4
"Maine",2022-02-14,"United States of America","Maryland",1
"Maine",2022-02-14,"United States of America","New Hampshire",1
"Maine",2022-02-14,"United States of America","New York",2
"Maine",2022-02-14,"United States of America","North Carolina",6
"Maine",2022-02-14,"United States of America","Virginia",3
"Maryland",2022-02-02,"Canada","Newfoundland and Labrador",22
"Maryland",2022-02-02,"Canada","Nova Scotia",31
"Maryland",2022-02-02,"Canada","Prince Edward Island",15
"Maryland",2022-02-02,"United States of America","North Carolina",6
"Massachusetts",2022-03-01,"Canada","New Brunswick",18
"Massachusetts",2022-03-01,"Canada","Newfoundland and Labrador",20
"Massachusetts",2022-03-01,"Canada","Nova Scotia",37
"Massachusetts",2022-03-01,"Canada","Prince Edward Island",24
"Massachusetts",2022-03-01,"United States of America","Alabama",1
"Massachusetts",2022-03-01,"United States of America","Connecticut",5
"Massachusetts",2022-03-01,"United States of America","Delaware",4
"Massachusetts",2022-03-01,"United States of America","Florida",1
"Massachusetts",2022-03-01,"United States of America","Indiana",12
"Massachusetts",2022-03-01,"United States of America","Iowa",2
"Massachusetts",2022-03-01,"United States of America","Kentucky",5
"Massachusetts",2022-03-01,"United States of America","Maine",5
"Massachusetts",2022-03-01,"United States of America","Maryland",1
"Massachusetts",2022-03-01,"United States of America","Michigan",2
"Massachusetts",2022-03-01,"United States of America","New Hampshire",1
"Massachusetts",2022-03-01,"United States of America","New Jersey",1
"Massachusetts",2022-03-01,"United States of America","New York",7
"Massachusetts",2022-03-01,"United States of America","North Carolina",8
"Massachusetts",2022-03-01,"United States of America","Virginia",3
"Michigan",2022-02-22,"Canada","New Brunswick",18
"Michigan",2022-02-22,"Canada","Newfoundland and Labrador",20
"Michigan",2022-02-22,"Canada","Nova Scotia",37
"Michigan",2022-02-22,"Canada","Prince Edward Island",15
"Michigan",2022-02-22,"United States of America","Connecticut",1
"Michigan",2022-02-22,"United States of America","Delaware",1
"Michigan",2022-02-22,"United States of America","Florida",1
"Michigan",2022-02-22,"United States of America","Indiana",9
"Michigan",2022-02-22,"United States of America","Iowa",2
"Michigan",2022-02-22,"United States of America","Kentucky",5
"Michigan",2022-02-22,"United States of America","Maine",2
"Michigan",2022-02-22,"United States of America","Maryland",1
"Michigan",2022-02-22,"United States of America","New Hampshire",1
"Michigan",2022-02-22,"United States of America","New York",4
"Michigan",2022-02-22,"United States of America","North Carolina",8
"Michigan",2022-02-22,"United States of America","Virginia",3
"Minnesota",2022-03-25,"Canada","New Brunswick",43
"Minnesota",2022-03-25,"Canada","Newfoundland and Labrador",3
"Minnesota",2022-03-25,"Canada","Nova Scotia",52
"Minnesota",2022-03-25,"Canada","Ontario",19
"Minnesota",2022-03-25,"Canada","Prince Edward Island",24
"Minnesota",2022-03-25,"Canada","Québec",10
"Minnesota",2022-03-25,"United States of America","Alabama",1
"Minnesota",2022-03-25,"United States of America","Connecticut",5
"Minnesota",2022-03-25,"United States of America","Delaware",8
"Minnesota",2022-03-25,"United States of America","Florida",8
"Minnesota",2022-03-25,"United States of America","Illinois",3
"Minnesota",2022-03-25,"United States of America","Indiana",15
"Minnesota",2022-03-25,"United States of America","Iowa",14
"Minnesota",2022-03-25,"United States of America","Kansas",11
"Minnesota",2022-03-25,"United States of America","Kentucky",5
"Minnesota",2022-03-25,"United States of America","Maine",23
"Minnesota",2022-03-25,"United States of America","Maryland",12
"Minnesota",2022-03-25,"United States of America","Massachusetts",5
"Minnesota",2022-03-25,"United States of America","Michigan",6
"Minnesota",2022-03-25,"United States of America","Missouri",12
"Minnesota",2022-03-25,"United States of America","Nebraska",5
"Minnesota",2022-03-25,"United States of America","New Hampshire",5
"Minnesota",2022-03-25,"United States of America","New Jersey",1
"Minnesota",2022-03-25,"United States of America","New York",12
"Minnesota",2022-03-25,"United States of America","North Carolina",10
"Minnesota",2022-03-25,"United States of America","Ohio",2
"Minnesota",2022-03-25,"United States of America","South Dakota",21
"Minnesota",2022-03-25,"United States of America","Tennessee",1
"Minnesota",2022-03-25,"United States of America","Texas",3
"Minnesota",2022-03-25,"United States of America","Virginia",3
"Minnesota",2022-03-25,"United States of America","Wisconsin",3
"Mississippi",2022-09-10,"Canada","Alberta",46
"Mississippi",2022-09-10,"Canada","British Columbia",34
"Mississippi",2022-09-10,"Canada","Manitoba",21
"Mississippi",2022-09-10,"Canada","New Brunswick",5
"Mississippi",2022-09-10,"Canada","Newfoundland and Labrador",13
"Mississippi",2022-09-10,"Canada","Nova Scotia",6
"Mississippi",2022-09-10,"Canada","Ontario",32
"Mississippi",2022-09-10,"Canada","Prince Edward Island",4
"Mississippi",2022-09-10,"Canada","Québec",45
"Mississippi",2022-09-10,"Canada","Saskatchewan",13
"Mississippi",2022-09-10,"Canada","Yukon",1
"Mississippi",2022-09-10,"United States of America","Alaska",6
"Mississippi",2022-09-10,"United States of America","California",21
"Mississippi",2022-09-10,"United States of America","Colorado",6
"Mississippi",2022-09-10,"United States of America","Delaware",5
"Mississippi",2022-09-10,"United States of America","Florida",3
"Mississippi",2022-09-10,"United States of America","Georgia",3
"Mississippi",2022-09-10,"United States of America","Idaho",42
"Mississippi",2022-09-10,"United States of America","Illinois",4
"Mississippi",2022-09-10,"United States of America","Indiana",5
"Mississippi",2022-09-10,"United States of America","Iowa",5
"Mississippi",2022-09-10,"United States of America","Kansas",1
"Mississippi",2022-09-10,"United States of America","Maine",12
"Mississippi",2022-09-10,"United States of America","Massachusetts",1
"Mississippi",2022-09-10,"United States of America","Michigan",14
"Mississippi",2022-09-10,"United States of America","Minnesota",50
"Mississippi",2022-09-10,"United States of America","Montana",11
"Mississippi",2022-09-10,"United States of America","Nebraska",6
"Mississippi",2022-09-10,"United States of America","Nevada",2
"Mississippi",2022-09-10,"United States of America","New Jersey",2
"Mississippi",2022-09-10,"United States of America","New York",4
"Mississippi",2022-09-10,"United States of America","North Dakota",16
"Mississippi",2022-09-10,"United States of America","Ohio",6
"Mississippi",2022-09-10,"United States of America","Oregon",16
"Mississippi",2022-09-10,"United States of America","Pennsylvania",5
"Mississippi",2022-09-10,"United States of America","Rhode Island",1
"Mississippi",2022-09-10,"United States of America","South Dakota",7
"Mississippi",2022-09-10,"United States of America","Utah",15
"Mississippi",2022-09-10,"United States of America","Vermont",1
"Mississippi",2022-09-10,"United States of America","Virginia",1
"Mississippi",2022-09-10,"United States of America","Washington",40
"Mississippi",2022-09-10,"United States of America","Wisconsin",25
"Mississippi",2022-09-10,"United States of America","Wyoming",8
"Missouri",2022-02-27,"Canada","New Brunswick",18
"Missouri",2022-02-27,"Canada","Newfoundland and Labrador",20
"Missouri",2022-02-27,"Canada","Nova Scotia",37
"Missouri",2022-02-27,"Canada","Prince Edward Island",24
"Missouri",2022-02-27,"United States of America","Alabama",1
"Missouri",2022-02-27,"United States of America","Connecticut",5
"Missouri",2022-02-27,"United States of America","Delaware",4
"Missouri",2022-02-27,"United States of America","Florida",1
"Missouri",2022-02-27,"United States of America","Indiana",12
"Missouri",2022-02-27,"United States of America","Iowa",2
"Missouri",2022-02-27,"United States of America","Kentucky",5
"Missouri",2022-02-27,"United States of America","Maine",5
"Missouri",2022-02-27,"United States of America","Maryland",1
"Missouri",2022-02-27,"United States of America","Michigan",2
"Missouri",2022-02-27,"United States of America","New Hampshire",1
"Missouri",2022-02-27,"United States of America","New Jersey",1
"Missouri",2022-02-27,"United States of America","New York",7
"Missouri",2022-02-27,"United States of America","North Carolina",8
"Missouri",2022-02-27,"United States of America","Virginia",3
"Montana",2022-03-29,"Canada","New Brunswick",43
"Montana",2022-03-29,"Canada","Newfoundland and Labrador",3
"Montana",2022-03-29,"Canada","Nova Scotia",50
"Montana",2022-03-29,"Canada","Ontario",33
"Montana",2022-03-29,"Canada","Prince Edward Island",24
"Montana",2022-03-29,"Canada","Québec",16
"Montana",2022-03-29,"United States of America","Alabama",1
"Montana",2022-03-29,"United States of America","Colorado",1
"Montana",2022-03-29,"United States of America","Connecticut",5
"Montana",2022-03-29,"United States of America","Delaware",8
"Montana",2022-03-29,"United States of America","Florida",8
"Montana",2022-03-29,"United States of America","Illinois",3
"Montana",2022-03-29,"United States of America","Indiana",15
"Montana",2022-03-29,"United States of America","Iowa",18
"Montana",2022-03-29,"United States of America","Kansas",11
"Montana",2022-03-29,"United States of America","Kentucky",5
"Montana",2022-03-29,"United States of America","Maine",23
"Montana",2022-03-29,"United States of America","Maryland",12
"Montana",2022-03-29,"United States of America","Massachusetts",5
"Montana",2022-03-29,"United States of America","Michigan",7
"Montana",2022-03-29,"United States of America","Minnesota",5
"Montana",2022-03-29,"United States of America","Missouri",15
"Montana",2022-03-29,"United States of America","Nebraska",10
"Montana",2022-03-29,"United States of America","New Hampshire",5
"Montana",2022-03-29,"United States of America","New Jersey",1
"Montana",2022-03-29,"United States of America","New York",20
"Montana",2022-03-29,"United States of America","North Carolina",10
"Montana",2022-03-29,"United States of America","Ohio",2
"Montana",2022-03-29,"United States of America","Pennsylvania",1
"Montana",2022-03-29,"United States of America","South Dakota",39
"Montana",2022-03-29,"United States of America","Tennessee",1
"Montana",2022-03-29,"United States of America","Texas",3
"Montana",2022-03-29,"United States of America","Virginia",3
"Montana",2022-03-29,"United States of America","Wisconsin",5
"Montana",2022-03-29,"United States of America","Wyoming",4
"Nebraska",2022-03-05,"Canada","New Brunswick",18
"Nebraska",2022-03-05,"Canada","Newfoundland and Labrador",20
"Nebraska",2022-03-05,"Canada","Nova Scotia",37
"Nebraska",2022-03-05,"Canada","Prince Edward Island",24
"Nebraska",2022-03-05,"United States of America","Alabama",1
"Nebraska",2022-03-05,"United States of America","Connecticut",5
"Nebraska",2022-03-05,"United States of America","Delaware",4
"Nebraska",2022-03-05,"United States of America","Florida",1
"Nebraska",2022-03-05,"United States of America","Indiana",14
"Nebraska",2022-03-05,"United States of America","Iowa",2
"Nebraska",2022-03-05,"United States of America","Kentucky",5
"Nebraska",2022-03-05,"United States of America","Maine",5
"Nebraska",2022-03-05,"United States of America","Maryland",1
"Nebraska",2022-03-05,"United States of America","Massachusetts",1
"Nebraska",2022-03-05,"United States of America","Michigan",2
"Nebraska",2022-03-05,"United States of America","Missouri",4
"Nebraska",2022-03-05,"United States of America","New Hampshire",1
"Nebraska",2022-03-05,"United States of America","New Jersey",1
"Nebraska",2022-03-05,"United States of America","New York",8
"Nebraska",2022-03-05,"United States of America","North Carolina",8
"Nebraska",2022-03-05,"United States of America","Tennessee",1
"Nebraska",2022-03-05,"United States of America","Virginia",3
"Nevada",2022-06-28,"Canada","Alberta",82
"Nevada",2022-06-28,"Canada","British Columbia",42
"Nevada",2022-06-28,"Canada","Manitoba",45
"Nevada",2022-06-28,"Canada","New Brunswick",35
"Nevada",2022-06-28,"Canada","Newfoundland and Labrador",27
"Nevada",2022-06-28,"Canada","Nova Scotia",27
"Nevada",2022-06-28,"Canada","Ontario",79
"Nevada",2022-06-28,"Canada","Prince Edward Island",14
"Nevada",2022-06-28,"Canada","Québec",89
"Nevada",2022-06-28,"Canada","Saskatchewan",58
"Nevada",2022-06-28,"Canada","Yukon",1
"Nevada",2022-06-28,"United States of America","Alabama",1
"Nevada",2022-06-28,"United States of America","Alaska",12
"Nevada",2022-06-28,"United States of America","Arizona",1
"Nevada",2022-06-28,"United States of America","Colorado",16
"Nevada",2022-06-28,"United States of America","Connecticut",5
"Nevada",2022-06-28,"United States of America","Delaware",8
"Nevada",2022-06-28,"United States of America","District of Columbia",1
"Nevada",2022-06-28,"United States of America","Florida",14
"Nevada",2022-06-28,"United States of America","Georgia",2
"Nevada",2022-06-28,"United States of America","Idaho",47
"Nevada",2022-06-28,"United States of America","Illinois",8
"Nevada",2022-06-28,"United States of America","Indiana",5
"Nevada",2022-06-28,"United States of America","Iowa",19
"Nevada",2022-06-28,"United States of America","Kansas",14
"Nevada",2022-06-28,"United States of America","Kentucky",1
"Nevada",2022-06-28,"United States of America","Maine",30
"Nevada",2022-06-28,"United States of America","Maryland",7
"Nevada",2022-06-28,"United States of America","Massachusetts",7
"Nevada",2022-06-28,"United States of America","Michigan",41
"Nevada",2022-06-28,"United States of America","Minnesota",187
"Nevada",2022-06-28,"United States of America","Missouri",13
"Nevada",2022-06-28,"United States of America","Montana",11
"Nevada",2022-06-28,"United States of America","Nebraska",14
"Nevada",2022-06-28,"United States of America","New Hampshire",5
"Nevada",2022-06-28,"United States of America","New Jersey",3
"Nevada",2022-06-28,"United States of America","New York",33
"Nevada",2022-06-28,"United States of America","North Carolina",20
"Nevada",2022-06-28,"United States of America","North Dakota",36
"Nevada",2022-06-28,"United States of America","Ohio",5
"Nevada",2022-06-28,"United States of America","Oregon",4
"Nevada",2022-06-28,"United States of America","Pennsylvania",26
"Nevada",2022-06-28,"United States of America","South Dakota",25
"Nevada",2022-06-28,"United States of America","Tennessee",1
"Nevada",2022-06-28,"United States of America","Utah",10
"Nevada",2022-06-28,"United States of America","Vermont",3
"Nevada",2022-06-28,"United States of America","Virginia",1
"Nevada",2022-06-28,"United States of America","Washington",35
"Nevada",2022-06-28,"United States of America","Wisconsin",53
"Nevada",2022-06-28,"United States of America","Wyoming",21
"New Hampshire",2022-02-09,"Canada","Newfoundland and Labrador",22
"New Hampshire",2022-02-09,"Canada","Nova Scotia",45
"New Hampshire",2022-02-09,"Canada","Prince Edward Island",15
"New Hampshire",2022-02-09,"United States of America","Maryland",1
"New Hampshire",2022-02-09,"United States of America","North Carolina",6
"New Hampshire",2022-02-09,"United States of America","Virginia",1
"New Jersey",2022-02-23,"Canada","New Brunswick",18
"New Jersey",2022-02-23,"Canada","Newfoundland and Labrador",20
"New Jersey",2022-02-23,"Canada","Nova Scotia",37
"New Jersey",2022-02-23,"Canada","Prince Edward Island",15
"New Jersey",2022-02-23,"Japan","Iwate",1
"New Jersey",2022-02-23,"United Kingdom","England",337
"New Jersey",2022-02-23,"United Kingdom","Isle of Man",1
"New Jersey",2022-02-23,"United Kingdom","Northern Ireland",2
"New Jersey",2022-02-23,"United Kingdom","Scotland",207
"New Jersey",2022-02-23,"United Kingdom","Wales",29
"New Jersey",2022-02-23,"United States of America","Connecticut",1
"New Jersey",2022-02-23,"United States of America","Delaware",1
"New Jersey",2022-02-23,"United States of America","Florida",1
"New Jersey",2022-02-23,"United States of America","Indiana",9
"New Jersey",2022-02-23,"United States of America","Iowa",2
"New Jersey",2022-02-23,"United States of America","Kentucky",5
"New Jersey",2022-02-23,"United States of America","Maine",4
"New Jersey",2022-02-23,"United States of America","Maryland",1
"New Jersey",2022-02-23,"United States of America","New Hampshire",1
"New Jersey",2022-02-23,"United States of America","New York",7
"New Jersey",2022-02-23,"United States of America","North Carolina",8
"New Jersey",2022-02-23,"United States of America","Virginia",3
"New Mexico",2022-10-01,"Canada","Alberta",69
"New Mexico",2022-10-01,"Canada","British Columbia",38
"New Mexico",2022-10-01,"Canada","Manitoba",33
"New Mexico",2022-10-01,"Canada","New Brunswick",5
"New Mexico",2022-10-01,"Canada","Newfoundland and Labrador",13
"New Mexico",2022-10-01,"Canada","Nova Scotia",6
"New Mexico",2022-10-01,"Canada","Ontario",52
"New Mexico",2022-10-01,"Canada","Prince Edward Island",4
"New Mexico",2022-10-01,"Canada","Québec",39
"New Mexico",2022-10-01,"Canada","Saskatchewan",23
"New Mexico",2022-10-01,"Canada","Yukon",1
"New Mexico",2022-10-01,"United States of America","Alaska",8
"New Mexico",2022-10-01,"United States of America","California",27
"New Mexico",2022-10-01,"United States of America","Colorado",4
"New Mexico",2022-10-01,"United States of America","Delaware",7
"New Mexico",2022-10-01,"United States of America","Florida",3
"New Mexico",2022-10-01,"United States of America","Georgia",3
"New Mexico",2022-10-01,"United States of America","Idaho",45
"New Mexico",2022-10-01,"United States of America","Illinois",2
"New Mexico",2022-10-01,"United States of America","Indiana",4
"New Mexico",2022-10-01,"United States of America","Iowa",4
"New Mexico",2022-10-01,"United States of America","Kansas",1
"New Mexico",2022-10-01,"United States of America","Kentucky",1
"New Mexico",2022-10-01,"United States of America","Maine",12
"New Mexico",2022-10-01,"United States of America","Maryland",1
"New Mexico",2022-10-01,"United States of America","Massachusetts",2
"New Mexico",2022-10-01,"United States of America","Michigan",6
"New Mexico",2022-10-01,"United States of America","Minnesota",47
"New Mexico",2022-10-01,"United States of America","Mississippi",1
"New Mexico",2022-10-01,"United States of America","Montana",4
"New Mexico",2022-10-01,"United States of America","Nebraska",5
"New Mexico",2022-10-01,"United States of America","Nevada",2
"New Mexico",2022-10-01,"United States of America","New Hampshire",1
"New Mexico",2022-10-01,"United States of America","New Jersey",2
"New Mexico",2022-10-01,"United States of America","New York",5
"New Mexico",2022-10-01,"United States of America","North Dakota",7
"New Mexico",2022-10-01,"United States of America","Ohio",8
"New Mexico",2022-10-01,"United States of America","Oregon",21
"New Mexico",2022-10-01,"United States of America","Pennsylvania",7
"New Mexico",2022-10-01,"United States of America","Rhode Island",1
"New Mexico",2022-10-01,"United States of America","South Dakota",14
"New Mexico",2022-10-01,"United States of America","Tennessee",1
"New Mexico",2022-10-01,"United States of America","Texas",2
"New Mexico",2022-10-01,"United States of America","Utah",19
"New Mexico",2022-10-01,"United States of America","Virginia",1
"New Mexico",2022-10-01,"United States of America","Washington",41
"New Mexico",2022-10-01,"United States of America","Wisconsin",21
"New Mexico",2022-10-01,"United States of America","Wyoming",6
"New York",2022-02-07,"Canada","British Columbia",2
"New York",2022-02-07,"Canada","Newfoundland and Labrador",22
"New York",2022-02-07,"Canada","Nova Scotia",45
"New York",2022-02-07,"Canada","Prince Edward Island",15
"New York",2022-02-07,"Ireland","Cork",1
"New York",2022-02-07,"Ireland","Donegal",7
"New York",2022-02-07,"Ireland","Dublin",3
"New York",2022-02-07,"Ireland","Kerry",2
"New York",2022-02-07,"Ireland","Kildare",1
"New York",2022-02-07,"Ireland","Longford",1
"New York",2022-02-07,"Ireland","Monaghan",1
"New York",2022-02-07,"Ireland","Offaly",11
"New York",2022-02-07,"Ireland","Roscommon",2
"New York",2022-02-07,"Ireland","Tipperary",8
"New York",2022-02-07,"Ireland","Waterford",3
"New York",2022-02-07,"Ireland","Wexford",5
"New York",2022-02-07,"United States of America","Maryland",1
"New York",2022-02-07,"United States of America","North Carolina",6
"New York",2022-02-07,"United States of America","Virginia",1
"North Carolina",2022-01-20,"Canada","Newfoundland and Labrador",22
"North Carolina",2022-01-20,"Canada","Nova Scotia",8
"North Dakota",2022-03-27,"Canada","New Brunswick",43
"North Dakota",2022-03-27,"Canada","Newfoundland and Labrador",3
"North Dakota",2022-03-27,"Canada","Nova Scotia",50
"North Dakota",2022-03-27,"Canada","Ontario",19
"North Dakota",2022-03-27,"Canada","Prince Edward Island",24
"North Dakota",2022-03-27,"Canada","Québec",10
"North Dakota",2022-03-27,"United States of America","Alabama",1
"North Dakota",2022-03-27,"United States of America","Connecticut",5
"North Dakota",2022-03-27,"United States of America","Delaware",8
"North Dakota",2022-03-27,"United States of America","Florida",8
"North Dakota",2022-03-27,"United States of America","Illinois",3
"North Dakota",2022-03-27,"United States of America","Indiana",15
"North Dakota",2022-03-27,"United States of America","Iowa",16
"North Dakota",2022-03-27,"United States of America","Kansas",11
"North Dakota",2022-03-27,"United States of America","Kentucky",5
"North Dakota",2022-03-27,"United States of America","Maine",23
"North Dakota",2022-03-27,"United States of America","Maryland",12
"North Dakota",2022-03-27,"United States of America","Massachusetts",5
"North Dakota",2022-03-27,"United States of America","Michigan",6
"North Dakota",2022-03-27,"United States of America","Missouri",15
"North Dakota",2022-03-27,"United States of America","Nebraska",10
"North Dakota",2022-03-27,"United States of America","New Hampshire",5
"North Dakota",2022-03-27,"United States of America","New Jersey",1
"North Dakota",2022-03-27,"United States of America","New York",13
"North Dakota",2022-03-27,"United States of America","North Carolina",10
"North Dakota",2022-03-27,"United States of America","Ohio",2
"North Dakota",2022-03-27,"United States of America","South Dakota",31
"North Dakota",2022-03-27,"United States of America","Tennessee",1
"North Dakota",2022-03-27,"United States of America","Texas",3
"North Dakota",2022-03-27,"United States of America","Virginia",3
"North Dakota",2022-03-27,"United States of America","Wisconsin",3
"Ohio",2022-03-02,"Canada","New Brunswick",18
"Ohio",2022-03-02,"Canada","Newfoundland and Labrador",20
"Ohio",2022-03-02,"Canada","Nova Scotia",37
"Ohio",2022-03-02,"Canada","Prince Edward Island",24
"Ohio",2022-03-02,"United States of America","Alabama",1
"Ohio",2022-03-02,"United States of America","Connecticut",5
"Ohio",2022-03-02,"United States of America","Delaware",4
"Ohio",2022-03-02,"United States of America","Florida",1
"Ohio",2022-03-02,"United States of America","Indiana",12
"Ohio",2022-03-02,"United States of America","Iowa",2
"Ohio",2022-03-02,"United States of America","Kentucky",5
"Ohio",2022-03-02,"United States of America","Maine",5
"Ohio",2022-03-02,"United States of America","Maryland",1
"Ohio",2022-03-02,"United States of America","Michigan",2
"Ohio",2022-03-02,"United States of America","New Hampshire",1
"Ohio",2022-03-02,"United States of America","New Jersey",1
"Ohio",2022-03-02,"United States of America","New York",8
"Ohio",2022-03-02,"United States of America","North Carolina",8
"Ohio",2022-03-02,"United States of America","Virginia",3
"Oklahoma",2022-04-28,"Canada","Alberta",135
"Oklahoma",2022-04-28,"Canada","British Columbia",14
"Oklahoma",2022-04-28,"Canada","Manitoba",46
"Oklahoma",2022-04-28,"Canada","New Brunswick",39
"Oklahoma",2022-04-28,"Canada","Nova Scotia",30
"Oklahoma",2022-04-28,"Canada","Ontario",79
"Oklahoma",2022-04-28,"Canada","Prince Edward Island",24
"Oklahoma",2022-04-28,"Canada","Québec",106
"Oklahoma",2022-04-28,"Canada","Saskatchewan",82
"Oklahoma",2022-04-28,"United States of America","Alabama",1
"Oklahoma",2022-04-28,"United States of America","Colorado",7
"Oklahoma",2022-04-28,"United States of America","Connecticut",5
"Oklahoma",2022-04-28,"United States of America","Delaware",8
"Oklahoma",2022-04-28,"United States of America","Florida",13
"Oklahoma",2022-04-28,"United States of America","Idaho",6
"Oklahoma",2022-04-28,"United States of America","Illinois",7
"Oklahoma",2022-04-28,"United States of America","Indiana",18
"Oklahoma",2022-04-28,"United States of America","Iowa",41
"Oklahoma",2022-04-28,"United States of America","Kansas",13
"Oklahoma",2022-04-28,"United States of America","Kentucky",5
"Oklahoma",2022-04-28,"United States of America","Maine",27
"Oklahoma",2022-04-28,"United States of America","Maryland",12
"Oklahoma",2022-04-28,"United States of America","Massachusetts",5
"Oklahoma",2022-04-28,"United States of America","Michigan",22
"Oklahoma",2022-04-28,"United States of America","Minnesota",151
"Oklahoma",2022-04-28,"United States of America","Missouri",22
"Oklahoma",2022-04-28,"United States of America","Montana",13
"Oklahoma",2022-04-28,"United States of America","Nebraska",19
"Oklahoma",2022-04-28,"United States of America","New Hampshire",5
"Oklahoma",2022-04-28,"United States of America","New Jersey",1
"Oklahoma",2022-04-28,"United States of America","New York",30
"Oklahoma",2022-04-28,"United States of America","North Carolina",28
"Oklahoma",2022-04-28,"United States of America","North Dakota",29
"Oklahoma",2022-04-28,"United States of America","Ohio",4
"Oklahoma",2022-04-28,"United States of America","Pennsylvania",9
"Oklahoma",2022-04-28,"United States of America","South Dakota",91
"Oklahoma",2022-04-28,"United States of America","Tennessee",1
"Oklahoma",2022-04-28,"United States of America","Texas",3
"Oklahoma",2022-04-28,"United States of America","Utah",5
"Oklahoma",2022-04-28,"United States of America","Vermont",3
"Oklahoma",2022-04-28,"United States of America","Virginia",3
"Oklahoma",2022-04-28,"United States of America","Wisconsin",35
"Oklahoma",2022-04-28,"United States of America","Wyoming",13
"Oregon",2022-04-29,"Canada","Alberta",135
"Oregon",2022-04-29,"Canada","British Columbia",14
"Oregon",2022-04-29,"Canada","Manitoba",46
"Oregon",2022-04-29,"Canada","New Brunswick",39
"Oregon",2022-04-29,"Canada","Nova Scotia",30
"Oregon",2022-04-29,"Canada","Ontario",82
"Oregon",2022-04-29,"Canada","Prince Edward Island",24
"Oregon",2022-04-29,"Canada","Québec",96
"Oregon",2022-04-29,"Canada","Saskatchewan",82
"Oregon",2022-04-29,"Japan","Akita",2
"Oregon",2022-04-29,"Japan","Aomori",2
"Oregon",2022-04-29,"Japan","Hokkaido",3
"Oregon",2022-04-29,"United States of America","Alabama",1
"Oregon",2022-04-29,"United States of America","Colorado",7
"Oregon",2022-04-29,"United States of America","Connecticut",5
"Oregon",2022-04-29,"United States of America","Delaware",8
"Oregon",2022-04-29,"United States of America","Florida",13
"Oregon",2022-04-29,"United States of America","Idaho",6
"Oregon",2022-04-29,"United States of America","Illinois",7
"Oregon",2022-04-29,"United States of America","Indiana",18
"Oregon",2022-04-29,"United States of America","Iowa",41
"Oregon",2022-04-29,"United States of America","Kansas",14
"Oregon",2022-04-29,"United States of America","Kentucky",5
"Oregon",2022-04-29,"United States of America","Maine",27
"Oregon",2022-04-29,"United States of America","Maryland",12
"Oregon",2022-04-29,"United States of America","Massachusetts",5
"Oregon",2022-04-29,"United States of America","Michigan",22
"Oregon",2022-04-29,"United States of America","Minnesota",153
"Oregon",2022-04-29,"United States of America","Missouri",22
"Oregon",2022-04-29,"United States of America","Montana",17
"Oregon",2022-04-29,"United States of America","Nebraska",19
"Oregon",2022-04-29,"United States of America","New Hampshire",5
"Oregon",2022-04-29,"United States of America","New Jersey",1
"Oregon",2022-04-29,"United States of America","New York",30
"Oregon",2022-04-29,"United States of America","North Carolina",28
"Oregon",2022-04-29,"United States of America","North Dakota",29
"Oregon",2022-04-29,"United States of America","Ohio",4
"Oregon",2022-04-29,"United States of America","Pennsylvania",11
"Oregon",2022-04-29,"United States of America","South Dakota",86
"Oregon",2022-04-29,"United States of America","Tennessee",1
"Oregon",2022-04-29,"United States of America","Texas",3
"Oregon",2022-04-29,"United States of America","Utah",5
"Oregon",2022-04-29,"United States of America","Vermont",3
"Oregon",2022-04-29,"United States of America","Virginia",3
"Oregon",2022-04-29,"United States of America","Washington",5
"Oregon",2022-04-29,"United States of America","Wisconsin",37
"Oregon",2022-04-29,"United States of America","Wyoming",13
"Pennsylvania",2022-03-24,"Canada","New Brunswick",43
"Pennsylvania",2022-03-24,"Canada","Newfoundland and Labrador",3
"Pennsylvania",2022-03-24,"Canada","Nova Scotia",50
"Pennsylvania",2022-03-24,"Canada","Ontario",19
"Pennsylvania",2022-03-24,"Canada","Prince Edward Island",24
"Pennsylvania",2022-03-24,"Canada","Québec",10
"Pennsylvania",2022-03-24,"United States of America","Alabama",1
"Pennsylvania",2022-03-24,"United States of America","Connecticut",5
"Pennsylvania",2022-03-24,"United States of America","Delaware",8
"Pennsylvania",2022-03-24,"United States of America","Florida",7
"Pennsylvania",2022-03-24,"United States of America","Illinois",3
"Pennsylvania",2022-03-24,"United States of America","Indiana",15
"Pennsylvania",2022-03-24,"United States of America","Iowa",14
"Pennsylvania",2022-03-24,"United States of America","Kansas",11
"Pennsylvania",2022-03-24,"United States of America","Kentucky",5
"Pennsylvania",2022-03-24,"United States of America","Maine",21
"Pennsylvania",2022-03-24,"United States of America","Maryland",12
"Pennsylvania",2022-03-24,"United States of America","Massachusetts",5
"Pennsylvania",2022-03-24,"United States of America","Michigan",6
"Pennsylvania",2022-03-24,"United States of America","Missouri",12
"Pennsylvania",2022-03-24,"United States of America","Nebraska",5
"Pennsylvania",2022-03-24,"United States of America","New Hampshire",5
"Pennsylvania",2022-03-24,"United States of America","New Jersey",1
"Pennsylvania",2022-03-24,"United States of America","New York",8
"Pennsylvania",2022-03-24,"United States of America","North Carolina",10
"Pennsylvania",2022-03-24,"United States of America","Ohio",2
"Pennsylvania",2022-03-24,"United States of America","South Dakota",16
"Pennsylvania",2022-03-24,"United States of America","Tennessee",1
"Pennsylvania",2022-03-24,"United States of America","Texas",3
"Pennsylvania",2022-03-24,"United States of America","Virginia",3
"Pennsylvania",2022-03-24,"United States of America","Wisconsin",3
"Rhode Island",2022-07-06,"Canada","Alberta",46
"Rhode Island",2022-07-06,"Canada","British Columbia",32
"Rhode Island",2022-07-06,"Canada","Manitoba",22
"Rhode Island",2022-07-06,"Canada","New Brunswick",5
"Rhode Island",2022-07-06,"Canada","Newfoundland and Labrador",6
"Rhode Island",2022-07-06,"Canada","Nova Scotia",7
"Rhode Island",2022-07-06,"Canada","Ontario",50
"Rhode Island",2022-07-06,"Canada","Prince Edward Island",4
"Rhode Island",2022-07-06,"Canada","Québec",43
"Rhode Island",2022-07-06,"Canada","Saskatchewan",13
"Rhode Island",2022-07-06,"Canada","Yukon",1
"Rhode Island",2022-07-06,"United States of America","Alaska",2
"Rhode Island",2022-07-06,"United States of America","Colorado",15
"Rhode Island",2022-07-06,"United States of America","Connecticut",4
"Rhode Island",2022-07-06,"United States of America","Delaware",7
"Rhode Island",2022-07-06,"United States of America","Georgia",2
"Rhode Island",2022-07-06,"United States of America","Idaho",41
"Rhode Island",2022-07-06,"United States of America","Illinois",6
"Rhode Island",2022-07-06,"United States of America","Indiana",4
"Rhode Island",2022-07-06,"United States of America","Iowa",13
"Rhode Island",2022-07-06,"United States of America","Kansas",13
"Rhode Island",2022-07-06,"United States of America","Maine",31
"Rhode Island",2022-07-06,"United States of America","Maryland",4
"Rhode Island",2022-07-06,"United States of America","Massachusetts",3
"Rhode Island",2022-07-06,"United States of America","Michigan",19
"Rhode Island",2022-07-06,"United States of America","Minnesota",167
"Rhode Island",2022-07-06,"United States of America","Missouri",11
"Rhode Island",2022-07-06,"United States of America","Montana",10
"Rhode Island",2022-07-06,"United States of America","Nebraska",10
"Rhode Island",2022-07-06,"United States of America","Nevada",1
"Rhode Island",2022-07-06,"United States of America","New Hampshire",3
"Rhode Island",2022-07-06,"United States of America","New Jersey",2
"Rhode Island",2022-07-06,"United States of America","New York",22
"Rhode Island",2022-07-06,"United States of America","North Carolina",2
"Rhode Island",2022-07-06,"United States of America","North Dakota",21
"Rhode Island",2022-07-06,"United States of America","Ohio",2
"Rhode Island",2022-07-06,"United States of America","Oregon",5
"Rhode Island",2022-07-06,"United States of America","Pennsylvania",16
"Rhode Island",2022-07-06,"United States of America","South Dakota",18
"Rhode Island",2022-07-06,"United States of America","Utah",6
"Rhode Island",2022-07-06,"United States of America","Vermont",1
"Rhode Island",2022-07-06,"United States of America","Washington",34
"Rhode Island",2022-07-06,"United States of America","Wisconsin",31
"Rhode Island",2022-07-06,"United States of America","Wyoming",16
"South Carolina",2021-12-30,"Canada","Newfoundland and Labrador",20
"South Dakota",2022-03-03,"Canada","New Brunswick",18
"South Dakota",2022-03-03,"Canada","Newfoundland and Labrador",20
"South Dakota",2022-03-03,"Canada","Nova Scotia",37
"South Dakota",2022-03-03,"Canada","Prince Edward Island",24
"South Dakota",2022-03-03,"United States of America","Alabama",1
"South Dakota",2022-03-03,"United States of America","Connecticut",5
"South Dakota",2022-03-03,"United States of America","Delaware",4
"South Dakota",2022-03-03,"United States of America","Florida",1
"South Dakota",2022-03-03,"United States of America","Indiana",12
"South Dakota",2022-03-03,"United States of America","Iowa",2
"South Dakota",2022-03-03,"United States of America","Kentucky",5
"South Dakota",2022-03-03,"United States of America","Maine",5
"South Dakota",2022-03-03,"United States of America","Maryland",1
"South Dakota",2022-03-03,"United States of America","Michigan",2
"South Dakota",2022-03-03,"United States of America","Missouri",2
"South Dakota",2022-03-03,"United States of America","New Hampshire",1
"South Dakota",2022-03-03,"United States of America","New Jersey",1
"South Dakota",2022-03-03,"United States of America","New York",8
"South Dakota",2022-03-03,"United States of America","North Carolina",8
"South Dakota",2022-03-03,"United States of America","Virginia",3
"Tennessee",2022-03-01,"Canada","New Brunswick",18
"Tennessee",2022-03-01,"Canada","Newfoundland and Labrador",20
"Tennessee",2022-03-01,"Canada","Nova Scotia",37
"Tennessee",2022-03-01,"Canada","Prince Edward Island",24
"Tennessee",2022-03-01,"United States of America","Alabama",1
"Tennessee",2022-03-01,"United States of America","Connecticut",5
"Tennessee",2022-03-01,"United States of America","Delaware",4
"Tennessee",2022-03-01,"United States of America","Florida",1
"Tennessee",2022-03-01,"United States of America","Indiana",12
"Tennessee",2022-03-01,"United States of America","Iowa",2
"Tennessee",2022-03-01,"United States of America","Kentucky",5
"Tennessee",2022-03-01,"United States of America","Maine",5
"Tennessee",2022-03-01,"United States of America","Maryland",1
"Tennessee",2022-03-01,"United States of America","Michigan",2
"Tennessee",2022-03-01,"United States of America","New Hampshire",1
"Tennessee",2022-03-01,"United States of America","New Jersey",1
"Tennessee",2022-03-01,"United States of America","New York",7
"Tennessee",2022-03-01,"United States of America","North Carolina",8
"Tennessee",2022-03-01,"United States of America","Virginia",3
"Texas",2022-03-18,"Canada","New Brunswick",53
"Texas",2022-03-18,"Canada","Newfoundland and Labrador",3
"Texas",2022-03-18,"Canada","Nova Scotia",25
"Texas",2022-03-18,"Canada","Ontario",12
"Texas",2022-03-18,"Canada","Prince Edward Island",24
"Texas",2022-03-18,"United States of America","Alabama",1
"Texas",2022-03-18,"United States of America","Connecticut",5
"Texas",2022-03-18,"United States of America","Delaware",6
"Texas",2022-03-18,"United States of America","Florida",4
"Texas",2022-03-18,"United States of America","Illinois",3
"Texas",2022-03-18,"United States of America","Indiana",15
"Texas",2022-03-18,"United States of America","Iowa",8
"Texas",2022-03-18,"United States of America","Kansas",8
"Texas",2022-03-18,"United States of America","Kentucky",5
"Texas",2022-03-18,"United States of America","Maine",12
"Texas",2022-03-18,"United States of America","Maryland",9
"Texas",2022-03-18,"United States of America","Massachusetts",1
"Texas",2022-03-18,"United States of America","Michigan",3
"Texas",2022-03-18,"United States of America","Missouri",12
"Texas",2022-03-18,"United States of America","Nebraska",3
"Texas",2022-03-18,"United States of America","New Hampshire",4
"Texas",2022-03-18,"United States of America","New Jersey",1
"Texas",2022-03-18,"United States of America","New York",8
"Texas",2022-03-18,"United States of America","North Carolina",10
"Texas",2022-03-18,"United States of America","Ohio",2
"Texas",2022-03-18,"United States of America","South Dakota",5
"Texas",2022-03-18,"United States of America","Tennessee",1
"Texas",2022-03-18,"United States of America","Virginia",3
"Texas",2022-03-18,"United States of America","Wisconsin",3
"Utah",2022-04-11,"Canada","Alberta",62
"Utah",2022-04-11,"Canada","British Columbia",7
"Utah",2022-04-11,"Canada","New Brunswick",43
"Utah",2022-04-11,"Canada","Nova Scotia",30
"Utah",2022-04-11,"Canada","Ontario",65
"Utah",2022-04-11,"Canada","Prince Edward Island",24
"Utah",2022-04-11,"Canada","Québec",87
"Utah",2022-04-11,"Canada","Saskatchewan",53
"Utah",2022-04-11,"United States of America","Alabama",1
"Utah",2022-04-11,"United States of America","Colorado",3
"Utah",2022-04-11,"United States of America","Connecticut",5
"Utah",2022-04-11,"United States of America","Delaware",8
"Utah",2022-04-11,"United States of America","Florida",11
"Utah",2022-04-11,"United States of America","Idaho",1
"Utah",2022-04-11,"United States of America","Illinois",5
"Utah",2022-04-11,"United States of America","Indiana",17
"Utah",2022-04-11,"United States of America","Iowa",38
"Utah",2022-04-11,"United States of America","Kansas",11
"Utah",2022-04-11,"United States of America","Kentucky",5
"Utah",2022-04-11,"United States of America","Maine",27
"Utah",2022-04-11,"United States of America","Maryland",12
"Utah",2022-04-11,"United States of America","Massachusetts",5
"Utah",2022-04-11,"United States of America","Michigan",9
"Utah",2022-04-11,"United States of America","Minnesota",74
"Utah",2022-04-11,"United States of America","Missouri",22
"Utah",2022-04-11,"United States of America","Montana",7
"Utah",2022-04-11,"United States of America","Nebraska",12
"Utah",2022-04-11,"United States of America","New Hampshire",5
"Utah",2022-04-11,"United States of America","New Jersey",1
"Utah",2022-04-11,"United States of America","New York",27
"Utah",2022-04-11,"United States of America","North Carolina",26
"Utah",2022-04-11,"United States of America","North Dakota",19
"Utah",2022-04-11,"United States of America","Ohio",4
"Utah",2022-04-11,"United States of America","Pennsylvania",1
"Utah",2022-04-11,"United States of America","South Dakota",92
"Utah",2022-04-11,"United States of America","Tennessee",1
"Utah",2022-04-11,"United States of America","Texas",3
"Utah",2022-04-11,"United States of America","Vermont",1
"Utah",2022-04-11,"United States of America","Virginia",3
"Utah",2022-04-11,"United States of America","Wisconsin",10
"Utah",2022-04-11,"United States of America","Wyoming",11
"Vermont",2022-04-07,"Canada","New Brunswick",43
"Vermont",2022-04-07,"Canada","Newfoundland and Labrador",3
"Vermont",2022-04-07,"Canada","Nova Scotia",30
"Vermont",2022-04-07,"Canada","Ontario",60
"Vermont",2022-04-07,"Canada","Prince Edward Island",24
"Vermont",2022-04-07,"Canada","Québec",16
"Vermont",2022-04-07,"Canada","Saskatchewan",57
"Vermont",2022-04-07,"United States of America","Alabama",1
"Vermont",2022-04-07,"United States of America","Colorado",3
"Vermont",2022-04-07,"United States of America","Connecticut",5
"Vermont",2022-04-07,"United States of America","Delaware",8
"Vermont",2022-04-07,"United States of America","Florida",11
"Vermont",2022-04-07,"United States of America","Idaho",1
"Vermont",2022-04-07,"United States of America","Illinois",5
"Vermont",2022-04-07,"United States of America","Indiana",17
"Vermont",2022-04-07,"United States of America","Iowa",36
"Vermont",2022-04-07,"United States of America","Kansas",11
"Vermont",2022-04-07,"United States of America","Kentucky",5
"Vermont",2022-04-07,"United States of America","Maine",27
"Vermont",2022-04-07,"United States of America","Maryland",12
"Vermont",2022-04-07,"United States of America","Massachusetts",5
"Vermont",2022-04-07,"United States of America","Michigan",7
"Vermont",2022-04-07,"United States of America","Minnesota",49
"Vermont",2022-04-07,"United States of America","Missouri",22
"Vermont",2022-04-07,"United States of America","Montana",4
"Vermont",2022-04-07,"United States of America","Nebraska",12
"Vermont",2022-04-07,"United States of America","New Hampshire",5
"Vermont",2022-04-07,"United States of America","New Jersey",1
"Vermont",2022-04-07,"United States of America","New York",26
"Vermont",2022-04-07,"United States of America","North Carolina",20
"Vermont",2022-04-07,"United States of America","North Dakota",14
"Vermont",2022-04-07,"United States of America","Ohio",4
"Vermont",2022-04-07,"United States of America","Pennsylvania",1
"Vermont",2022-04-07,"United States of America","South Dakota",79
"Vermont",2022-04-07,"United States of America","Tennessee",1
"Vermont",2022-04-07,"United States of America","Texas",3
"Vermont",2022-04-07,"United States of America","Virginia",3
"Vermont",2022-04-07,"United States of America","Wisconsin",10
"Vermont",2022-04-07,"United States of America","Wyoming",10
"Virginia",2022-02-01,"Canada","Newfoundland and Labrador",22
"Virginia",2022-02-01,"Canada","Nova Scotia",31
"Virginia",2022-02-01,"Canada","Prince Edward Island",15
"Virginia",2022-02-01,"United States of America","North Carolina",6
"Washington",2022-04-25,"Canada","Alberta",118
"Washington",2022-04-25,"Canada","British Columbia",14
"Washington",2022-04-25,"Canada","Manitoba",46
"Washington",2022-04-25,"Canada","New Brunswick",47
"Washington",2022-04-25,"Canada","Nova Scotia",30
"Washington",2022-04-25,"Canada","Ontario",75
"Washington",2022-04-25,"Canada","Prince Edward Island",24
"Washington",2022-04-25,"Canada","Québec",106
"Washington",2022-04-25,"Canada","Saskatchewan",74
"Washington",2022-04-25,"United Kingdom","England",234
"Washington",2022-04-25,"United Kingdom","Scotland",186
"Washington",2022-04-25,"United Kingdom","Wales",5
"Washington",2022-04-25,"United States of America","Alabama",1
"Washington",2022-04-25,"United States of America","Colorado",7
"Washington",2022-04-25,"United States of America","Connecticut",5
"Washington",2022-04-25,"United States of America","Delaware",8
"Washington",2022-04-25,"United States of America","Florida",13
"Washington",2022-04-25,"United States of America","Idaho",6
"Washington",2022-04-25,"United States of America","Illinois",7
"Washington",2022-04-25,"United States of America","Indiana",18
"Washington",2022-04-25,"United States of America","Iowa",41
"Washington",2022-04-25,"United States of America","Kansas",13
"Washington",2022-04-25,"United States of America","Kentucky",5
"Washington",2022-04-25,"United States of America","Maine",27
"Washington",2022-04-25,"United States of America","Maryland",12
"Washington",2022-04-25,"United States of America","Massachusetts",5
"Washington",2022-04-25,"United States of America","Michigan",16
"Washington",2022-04-25,"United States of America","Minnesota",147
"Washington",2022-04-25,"United States of America","Missouri",22
"Washington",2022-04-25,"United States of America","Montana",12
"Washington",2022-04-25,"United States of America","Nebraska",19
"Washington",2022-04-25,"United States of America","New Hampshire",5
"Washington",2022-04-25,"United States of America","New Jersey",1
"Washington",2022-04-25,"United States of America","New York",30
"Washington",2022-04-25,"United States of America","North Carolina",28
"Washington",2022-04-25,"United States of America","North Dakota",28
"Washington",2022-04-25,"United States of America","Ohio",4
"Washington",2022-04-25,"United States of America","Pennsylvania",9
"Washington",2022-04-25,"United States of America","South Dakota",91
"Washington",2022-04-25,"United States of America","Tennessee",1
"Washington",2022-04-25,"United States of America","Texas",3
"Washington",2022-04-25,"United States of America","Utah",5
"Washington",2022-04-25,"United States of America","Vermont",3
"Washington",2022-04-25,"United States of America","Virginia",3
"Washington",2022-04-25,"United States of America","Wisconsin",31
"Washington",2022-04-25,"United States of America","Wyoming",13
"West Virginia",2022-12-16,"Canada","Alberta",58
"West Virginia",2022-12-16,"Canada","British Columbia",41
"West Virginia",2022-12-16,"Canada","Manitoba",22
"West Virginia",2022-12-16,"Canada","New Brunswick",5
"West Virginia",2022-12-16,"Canada","Newfoundland and Labrador",13
"West Virginia",2022-12-16,"Canada","Nova Scotia",6
"West Virginia",2022-12-16,"Canada","Ontario",50
"West Virginia",2022-12-16,"Canada","Prince Edward Island",6
"West Virginia",2022-12-16,"Canada","Québec",37
"West Virginia",2022-12-16,"Canada","Saskatchewan",27
"West Virginia",2022-12-16,"Canada","Yukon",1
"West Virginia",2022-12-16,"Mexico","Chiapas",2
"West Virginia",2022-12-16,"Mexico","Chihuahua",2
"West Virginia",2022-12-16,"Mexico","Jalisco",12
"West Virginia",2022-12-16,"Mexico","México",2
"West Virginia",2022-12-16,"Mexico","Oaxaca",2
"West Virginia",2022-12-16,"Mexico","Puebla",1
"West Virginia",2022-12-16,"Mexico","Sonora",10
"West Virginia",2022-12-16,"Mexico","Tamaulipas",3
"West Virginia",2022-12-16,"Mexico","Yucatán",19
"West Virginia",2022-12-16,"United States of America","Alabama",3
"West Virginia",2022-12-16,"United States of America","Alaska",12
"West Virginia",2022-12-16,"United States of America","Arizona",5
"West Virginia",2022-12-16,"United States of America","Arkansas",6
"West Virginia",2022-12-16,"United States of America","California",38
"West Virginia",2022-12-16,"United States of America","Colorado",22
"West Virginia",2022-12-16,"United States of America","Connecticut",3
"West Virginia",2022-12-16,"United States of America","Delaware",5
"West Virginia",2022-12-16,"United States of America","District of Columbia",1
"West Virginia",2022-12-16,"United States of America","Florida",31
"West Virginia",2022-12-16,"United States of America","Georgia",1
"West Virginia",2022-12-16,"United States of America","Idaho",8
"West Virginia",2022-12-16,"United States of America","Illinois",2
"West Virginia",2022-12-16,"United States of America","Indiana",2
"West Virginia",2022-12-16,"United States of America","Iowa",13
"West Virginia",2022-12-16,"United States of America","Kansas",4
"West Virginia",2022-12-16,"United States of America","Kentucky",2
"West Virginia",2022-12-16,"United States of America","Louisiana",2
"West Virginia",2022-12-16,"United States of America","Maine",12
"West Virginia",2022-12-16,"United States of America","Maryland",2
"West Virginia",2022-12-16,"United States of America","Massachusetts",3
"West Virginia",2022-12-16,"United States of America","Michigan",8
"West Virginia",2022-12-16,"United States of America","Minnesota",22
"West Virginia",2022-12-16,"United States of America","Mississippi",3
"West Virginia",2022-12-16,"United States of America","Missouri",9
"West Virginia",2022-12-16,"United States of America","Montana",9
"West Virginia",2022-12-16,"United States of America","Nebraska",12
"West Virginia",2022-12-16,"United States of America","Nevada",3
"West Virginia",2022-12-16,"United States of America","New Hampshire",1
"West Virginia",2022-12-16,"United States of America","New Jersey",3
"West Virginia",2022-12-16,"United States of America","New Mexico",2
"West Virginia",2022-12-16,"United States of America","New York",14
"West Virginia",2022-12-16,"United States of America","North Carolina",7
"West Virginia",2022-12-16,"United States of America","North Dakota",7
"West Virginia",2022-12-16,"United States of America","Ohio",10
"West Virginia",2022-12-16,"United States of America","Oklahoma",5
"West Virginia",2022-12-16,"United States of America","Oregon",29
"West Virginia",2022-12-16,"United States of America","Pennsylvania",24
"West Virginia",2022-12-16,"United States of America","Rhode Island",3
"West Virginia",2022-12-16,"United States of America","South Carolina",1
"West Virginia",2022-12-16,"United States of America","South Dakota",51
"West Virginia",2022-12-16,"United States of America","Tennessee",6
"West Virginia",2022-12-16,"United States of America","Texas",8
"West Virginia",2022-12-16,"United States of America","Utah",24
"West Virginia",2022-12-16,"United States of America","Vermont",3
"West Virginia",2022-12-16,"United States of America","Virginia",7
"West Virginia",2022-12-16,"United States of America","Washington",15
"West Virginia",2022-12-16,"United States of America","Wisconsin",14
"West Virginia",2022-12-16,"United States of America","Wyoming",3
"Wisconsin",2022-03-13,"Canada","New Brunswick",53
"Wisconsin",2022-03-13,"Canada","Newfoundland and Labrador",20
"Wisconsin",2022-03-13,"Canada","Nova Scotia",27
"Wisconsin",2022-03-13,"Canada","Prince Edward Island",24
"Wisconsin",2022-03-13,"United States of America","Alabama",1
"Wisconsin",2022-03-13,"United States of America","Connecticut",5
"Wisconsin",2022-03-13,"United States of America","Delaware",6
"Wisconsin",2022-03-13,"United States of America","Florida",2
"Wisconsin",2022-03-13,"United States of America","Illinois",3
"Wisconsin",2022-03-13,"United States of America","Indiana",15
"Wisconsin",2022-03-13,"United States of America","Iowa",7
"Wisconsin",2022-03-13,"United States of America","Kansas",2
"Wisconsin",2022-03-13,"United States of America","Kentucky",5
"Wisconsin",2022-03-13,"United States of America","Maine",10
"Wisconsin",2022-03-13,"United States of America","Maryland",9
"Wisconsin",2022-03-13,"United States of America","Massachusetts",1
"Wisconsin",2022-03-13,"United States of America","Michigan",3
"Wisconsin",2022-03-13,"United States of America","Missouri",9
"Wisconsin",2022-03-13,"United States of America","Nebraska",3
"Wisconsin",2022-03-13,"United States of America","New Hampshire",1
"Wisconsin",2022-03-13,"United States of America","New Jersey",1
"Wisconsin",2022-03-13,"United States of America","New York",8
"Wisconsin",2022-03-13,"United States of America","North Carolina",10
"Wisconsin",2022-03-13,"United States of America","Ohio",1
"Wisconsin",2022-03-13,"United States of America","South Dakota",2
"Wisconsin",2022-03-13,"United States of America","Tennessee",1
"Wisconsin",2022-03-13,"United States of America","Virginia",3
"Wyoming",2022-03-25,"Canada","New Brunswick",43
"Wyoming",2022-03-25,"Canada","Newfoundland and Labrador",3
"Wyoming",2022-03-25,"Canada","Nova Scotia",52
"Wyoming",2022-03-25,"Canada","Ontario",19
"Wyoming",2022-03-25,"Canada","Prince Edward Island",24
"Wyoming",2022-03-25,"Canada","Québec",10
"Wyoming",2022-03-25,"United States of America","Alabama",1
"Wyoming",2022-03-25,"United States of America","Connecticut",5
"Wyoming",2022-03-25,"United States of America","Delaware",8
"Wyoming",2022-03-25,"United States of America","Florida",8
"Wyoming",2022-03-25,"United States of America","Illinois",3
"Wyoming",2022-03-25,"United States of America","Indiana",15
"Wyoming",2022-03-25,"United States of America","Iowa",14
"Wyoming",2022-03-25,"United States of America","Kansas",11
"Wyoming",2022-03-25,"United States of America","Kentucky",5
"Wyoming",2022-03-25,"United States of America","Maine",23
"Wyoming",2022-03-25,"United States of America","Maryland",12
"Wyoming",2022-03-25,"United States of America","Massachusetts",5
"Wyoming",2022-03-25,"United States of America","Michigan",6
"Wyoming",2022-03-25,"United States of America","Missouri",12
"Wyoming",2022-03-25,"United States of America","Nebraska",5
"Wyoming",2022-03-25,"United States of America","New Hampshire",5
"Wyoming",2022-03-25,"United States of America","New Jersey",1
"Wyoming",2022-03-25,"United States of America","New York",12
"Wyoming",2022-03-25,"United States of America","North Carolina",10
"Wyoming",2022-03-25,"United States of America","Ohio",2
"Wyoming",2022-03-25,"United States of America","South Dakota",21
"Wyoming",2022-03-25,"United States of America","Tennessee",1
"Wyoming",2022-03-25,"United States of America","Texas",3
"Wyoming",2022-03-25,"United States of America","Virginia",3
"Wyoming",2022-03-25,"United States of America","Wisconsin",3
