,state,first_infection,country,level1_name,n
1,Alabama,2/23/2022,Canada,British Columbia,2
2,Alabama,2/23/2022,Canada,New Brunswick,18
3,Alabama,2/23/2022,Canada,Nova Scotia,39
4,Alabama,2/23/2022,United States of America,Connecticut,1
5,Alabama,2/23/2022,United States of America,Delaware,1
6,Alabama,2/23/2022,United States of America,Florida,1
7,Alabama,2/23/2022,United States of America,Indiana,9
8,Alabama,2/23/2022,United States of America,Iowa,2
9,Alabama,2/23/2022,United States of America,Kentucky,5
10,Alabama,2/23/2022,United States of America,Maine,4
11,Alabama,2/23/2022,United States of America,Maryland,1
12,Alabama,2/23/2022,United States of America,New Hampshire,1
13,Alabama,2/23/2022,United States of America,New York,7
14,Alabama,2/23/2022,United States of America,North Carolina,2
15,Alabama,2/23/2022,United States of America,Virginia,3
16,Alaska,4/26/2022,Canada,Alberta,124
17,Alaska,4/26/2022,Canada,British Columbia,14
18,Alaska,4/26/2022,Canada,Manitoba,50
19,Alaska,4/26/2022,Canada,New Brunswick,4
20,Alaska,4/26/2022,Canada,Newfoundland and Labrador,7
21,Alaska,4/26/2022,Canada,Ontario,67
22,Alaska,4/26/2022,Canada,Québec,95
23,Alaska,4/26/2022,Canada,Saskatchewan,80
24,Alaska,4/26/2022,Denmark,Hovedstaden,1
25,Alaska,4/26/2022,Denmark,Midtjylland,1
26,Alaska,4/26/2022,Denmark,Sjælland,3
27,Alaska,4/26/2022,Denmark,Syddanmark,3
28,Alaska,4/26/2022,Denmark,Veterinary Inspection Unit North,1
29,Alaska,4/26/2022,Greenland,Greenlandic Exclusive Economic Zone,1
30,Alaska,4/26/2022,Japan,Akita,3
31,Alaska,4/26/2022,Japan,Aomori,2
32,Alaska,4/26/2022,Japan,Hokkaido,38
33,Alaska,4/26/2022,Japan,Iwate,2
34,Alaska,4/26/2022,Russia,Khabarovsk,1
35,Alaska,4/26/2022,United Kingdom,England,56
36,Alaska,4/26/2022,United Kingdom,Scotland,37
37,Alaska,4/26/2022,United States of America,Colorado,6
38,Alaska,4/26/2022,United States of America,Florida,5
39,Alaska,4/26/2022,United States of America,Idaho,6
40,Alaska,4/26/2022,United States of America,Illinois,4
41,Alaska,4/26/2022,United States of America,Indiana,7
42,Alaska,4/26/2022,United States of America,Iowa,23
43,Alaska,4/26/2022,United States of America,Kansas,2
44,Alaska,4/26/2022,United States of America,Maine,4
45,Alaska,4/26/2022,United States of America,Michigan,13
46,Alaska,4/26/2022,United States of America,Minnesota,145
47,Alaska,4/26/2022,United States of America,Missouri,7
48,Alaska,4/26/2022,United States of America,Montana,13
49,Alaska,4/26/2022,United States of America,Nebraska,9
50,Alaska,4/26/2022,United States of America,New York,10
51,Alaska,4/26/2022,United States of America,North Carolina,18
52,Alaska,4/26/2022,United States of America,North Dakota,28
53,Alaska,4/26/2022,United States of America,Ohio,2
54,Alaska,4/26/2022,United States of America,Pennsylvania,8
55,Alaska,4/26/2022,United States of America,South Dakota,55
56,Alaska,4/26/2022,United States of America,Utah,5
57,Alaska,4/26/2022,United States of America,Vermont,3
58,Alaska,4/26/2022,United States of America,Wisconsin,26
59,Alaska,4/26/2022,United States of America,Wyoming,9
60,Arizona,6/7/2022,Canada,Alberta,18
61,Arizona,6/7/2022,Canada,British Columbia,60
62,Arizona,6/7/2022,Canada,Manitoba,7
63,Arizona,6/7/2022,Canada,Newfoundland and Labrador,27
64,Arizona,6/7/2022,Canada,Nova Scotia,2
65,Arizona,6/7/2022,Canada,Ontario,7
66,Arizona,6/7/2022,Canada,Prince Edward Island,18
67,Arizona,6/7/2022,Canada,Québec,12
68,Arizona,6/7/2022,Canada,Saskatchewan,9
69,Arizona,6/7/2022,Canada,Yukon,1
70,Arizona,6/7/2022,Russia,Russian Exclusive economic Zone,7
71,Arizona,6/7/2022,Russia,Ryazan',2
72,Arizona,6/7/2022,United States of America,Alaska,2
73,Arizona,6/7/2022,United States of America,Colorado,7
74,Arizona,6/7/2022,United States of America,District of Columbia,1
75,Arizona,6/7/2022,United States of America,Georgia,2
76,Arizona,6/7/2022,United States of America,Idaho,27
77,Arizona,6/7/2022,United States of America,Illinois,1
78,Arizona,6/7/2022,United States of America,Indiana,3
79,Arizona,6/7/2022,United States of America,Iowa,3
80,Arizona,6/7/2022,United States of America,Massachusetts,2
81,Arizona,6/7/2022,United States of America,Michigan,12
82,Arizona,6/7/2022,United States of America,Minnesota,17
83,Arizona,6/7/2022,United States of America,New Jersey,2
84,Arizona,6/7/2022,United States of America,New York,2
85,Arizona,6/7/2022,United States of America,North Dakota,10
86,Arizona,6/7/2022,United States of America,Oregon,2
87,Arizona,6/7/2022,United States of America,Pennsylvania,17
88,Arizona,6/7/2022,United States of America,South Dakota,3
89,Arizona,6/7/2022,United States of America,Utah,6
90,Arizona,6/7/2022,United States of America,Washington,17
91,Arizona,6/7/2022,United States of America,Wisconsin,7
92,Arizona,6/7/2022,United States of America,Wyoming,3
93,Arkansas,10/6/2022,Canada,Alberta,26
94,Arkansas,10/6/2022,Canada,British Columbia,5
95,Arkansas,10/6/2022,Canada,Manitoba,16
96,Arkansas,10/6/2022,Canada,Ontario,22
97,Arkansas,10/6/2022,Canada,Québec,1
98,Arkansas,10/6/2022,Canada,Saskatchewan,12
99,Arkansas,10/6/2022,Russia,Saratov,1
100,Arkansas,10/6/2022,United States of America,Alaska,2
101,Arkansas,10/6/2022,United States of America,California,12
102,Arkansas,10/6/2022,United States of America,Colorado,5
103,Arkansas,10/6/2022,United States of America,Connecticut,3
104,Arkansas,10/6/2022,United States of America,Delaware,2
105,Arkansas,10/6/2022,United States of America,Florida,1
106,Arkansas,10/6/2022,United States of America,Idaho,5
107,Arkansas,10/6/2022,United States of America,Kansas,3
108,Arkansas,10/6/2022,United States of America,Kentucky,1
109,Arkansas,10/6/2022,United States of America,Maryland,1
110,Arkansas,10/6/2022,United States of America,Massachusetts,1
111,Arkansas,10/6/2022,United States of America,Michigan,4
112,Arkansas,10/6/2022,United States of America,Minnesota,23
113,Arkansas,10/6/2022,United States of America,Mississippi,1
114,Arkansas,10/6/2022,United States of America,Montana,1
115,Arkansas,10/6/2022,United States of America,Nebraska,4
116,Arkansas,10/6/2022,United States of America,New Hampshire,1
117,Arkansas,10/6/2022,United States of America,New Mexico,1
118,Arkansas,10/6/2022,United States of America,New York,4
119,Arkansas,10/6/2022,United States of America,North Dakota,3
120,Arkansas,10/6/2022,United States of America,Ohio,3
121,Arkansas,10/6/2022,United States of America,Oregon,5
122,Arkansas,10/6/2022,United States of America,Pennsylvania,8
123,Arkansas,10/6/2022,United States of America,South Dakota,7
124,Arkansas,10/6/2022,United States of America,Tennessee,1
125,Arkansas,10/6/2022,United States of America,Texas,2
126,Arkansas,10/6/2022,United States of America,Utah,12
127,Arkansas,10/6/2022,United States of America,Virginia,2
128,Arkansas,10/6/2022,United States of America,Washington,1
129,Arkansas,10/6/2022,United States of America,Wisconsin,3
130,California,7/14/2022,Canada,Alberta,20
131,California,7/14/2022,Canada,British Columbia,33
132,California,7/14/2022,Canada,Manitoba,19
133,California,7/14/2022,Canada,New Brunswick,5
134,California,7/14/2022,Canada,Newfoundland and Labrador,6
135,California,7/14/2022,Canada,Northwest Territories,1
136,California,7/14/2022,Canada,Nova Scotia,6
137,California,7/14/2022,Canada,Ontario,21
138,California,7/14/2022,Canada,Prince Edward Island,4
139,California,7/14/2022,Canada,Québec,30
140,California,7/14/2022,Canada,Saskatchewan,13
141,California,7/14/2022,France,Bretagne,2
142,California,7/14/2022,France,Hauts-de-France,13
143,California,7/14/2022,France,Normandie,40
144,California,7/14/2022,Norway,Oslo,1
145,California,7/14/2022,Norway,Rogaland,3
146,California,7/14/2022,Norway,Svalbard and Jan Mayen,1
147,California,7/14/2022,Norway,Troms Og Finnmark,2
148,California,7/14/2022,Norway,Trøndelag,2
149,California,7/14/2022,Norway,Vestland,4
150,California,7/14/2022,Norway,Viken,2
151,California,7/14/2022,United Kingdom,England,24
152,California,7/14/2022,United Kingdom,Northern Ireland,4
153,California,7/14/2022,United Kingdom,Scotland,29
154,California,7/14/2022,United Kingdom,United Kingdom Exclusive Economic Zone,6
155,California,7/14/2022,United Kingdom,Wales,1
156,California,7/14/2022,United States of America,Alaska,7
157,California,7/14/2022,United States of America,Florida,1
158,California,7/14/2022,United States of America,Maine,17
159,California,7/14/2022,United States of America,Massachusetts,1
160,California,7/14/2022,United States of America,Michigan,1
161,California,7/14/2022,United States of America,Nevada,1
162,California,7/14/2022,United States of America,Oregon,5
163,California,7/14/2022,United States of America,Rhode Island,1
164,California,7/14/2022,United States of America,Utah,1
165,California,7/14/2022,United States of America,Washington,12
166,Colorado,3/24/2022,Canada,New Brunswick,35
167,Colorado,3/24/2022,Canada,Nova Scotia,27
168,Colorado,3/24/2022,Canada,Ontario,19
169,Colorado,3/24/2022,Canada,Prince Edward Island,11
170,Colorado,3/24/2022,Canada,Québec,10
171,Colorado,3/24/2022,Japan,Hokkaido,9
172,Colorado,3/24/2022,Japan,Iwate,12
173,Colorado,3/24/2022,Russia,Astrakhan',1
174,Colorado,3/24/2022,United States of America,Alabama,1
175,Colorado,3/24/2022,United States of America,Connecticut,4
176,Colorado,3/24/2022,United States of America,Delaware,4
177,Colorado,3/24/2022,United States of America,Florida,6
178,Colorado,3/24/2022,United States of America,Illinois,3
179,Colorado,3/24/2022,United States of America,Indiana,6
180,Colorado,3/24/2022,United States of America,Iowa,12
181,Colorado,3/24/2022,United States of America,Kansas,11
182,Colorado,3/24/2022,United States of America,Maine,17
183,Colorado,3/24/2022,United States of America,Maryland,11
184,Colorado,3/24/2022,United States of America,Massachusetts,5
185,Colorado,3/24/2022,United States of America,Michigan,6
186,Colorado,3/24/2022,United States of America,Missouri,12
187,Colorado,3/24/2022,United States of America,Nebraska,5
188,Colorado,3/24/2022,United States of America,New Hampshire,4
189,Colorado,3/24/2022,United States of America,New Jersey,1
190,Colorado,3/24/2022,United States of America,New York,1
191,Colorado,3/24/2022,United States of America,North Carolina,2
192,Colorado,3/24/2022,United States of America,Ohio,2
193,Colorado,3/24/2022,United States of America,South Dakota,16
194,Colorado,3/24/2022,United States of America,Tennessee,1
195,Colorado,3/24/2022,United States of America,Texas,3
196,Colorado,3/24/2022,United States of America,Wisconsin,3
197,Connecticut,2/16/2022,Canada,British Columbia,2
198,Connecticut,2/16/2022,Canada,New Brunswick,18
199,Connecticut,2/16/2022,Canada,Newfoundland and Labrador,2
200,Connecticut,2/16/2022,Canada,Nova Scotia,39
201,Connecticut,2/16/2022,Canada,Prince Edward Island,15
202,Connecticut,2/16/2022,United States of America,Delaware,1
203,Connecticut,2/16/2022,United States of America,Indiana,3
204,Connecticut,2/16/2022,United States of America,Kentucky,4
205,Connecticut,2/16/2022,United States of America,Maryland,1
206,Connecticut,2/16/2022,United States of America,New Hampshire,1
207,Connecticut,2/16/2022,United States of America,New York,2
208,Connecticut,2/16/2022,United States of America,North Carolina,6
209,Connecticut,2/16/2022,United States of America,Virginia,3
210,Delaware,2/9/2022,Belgium,Belgian Exclusive Economic Zone,2
211,Delaware,2/9/2022,Belgium,Vlaanderen,25
212,Delaware,2/9/2022,Belgium,Wallonie,1
213,Delaware,2/9/2022,Canada,British Columbia,2
214,Delaware,2/9/2022,Canada,Newfoundland and Labrador,2
215,Delaware,2/9/2022,Canada,Nova Scotia,45
216,Delaware,2/9/2022,Canada,Prince Edward Island,15
217,Delaware,2/9/2022,Denmark,Hovedstaden,2
218,Delaware,2/9/2022,Denmark,Midtjylland,7
219,Delaware,2/9/2022,Denmark,Nordjylland,2
220,Delaware,2/9/2022,Denmark,Sjælland,7
221,Delaware,2/9/2022,Denmark,Syddanmark,8
222,Delaware,2/9/2022,Japan,Chiba,2
223,Delaware,2/9/2022,Japan,Hokkaido,7
224,Delaware,2/9/2022,Japan,Kagoshima,2
225,Delaware,2/9/2022,Japan,Kyoto,1
226,Delaware,2/9/2022,Netherlands,Dutch Exclusive Economic Zone,1
227,Delaware,2/9/2022,Netherlands,Flevoland,11
228,Delaware,2/9/2022,Netherlands,Friesland,11
229,Delaware,2/9/2022,Netherlands,Gelderland,25
230,Delaware,2/9/2022,Netherlands,Groningen,1
231,Delaware,2/9/2022,Netherlands,Limburg,4
232,Delaware,2/9/2022,Netherlands,Noord-Brabant,7
233,Delaware,2/9/2022,Netherlands,Noord-Holland,27
234,Delaware,2/9/2022,Netherlands,Overijssel,4
235,Delaware,2/9/2022,Netherlands,Utrecht,9
236,Delaware,2/9/2022,Netherlands,Zeeland,1
237,Delaware,2/9/2022,Netherlands,Zuid-Holland,24
238,Delaware,2/9/2022,Portugal,Leiria,1
239,Delaware,2/9/2022,Portugal,Lisboa,2
240,Delaware,2/9/2022,Portugal,Santarém,3
241,Delaware,2/9/2022,Portugal,Setúbal,1
242,Delaware,2/9/2022,Russia,Moscow City,2
243,Delaware,2/9/2022,Russia,Stavropol',8
244,Delaware,2/9/2022,United Kingdom,England,84
245,Delaware,2/9/2022,United Kingdom,Isle of Man,3
246,Delaware,2/9/2022,United Kingdom,Northern Ireland,2
247,Delaware,2/9/2022,United Kingdom,Scotland,45
248,Delaware,2/9/2022,United Kingdom,Wales,10
249,Delaware,2/9/2022,United States of America,Maryland,1
250,Delaware,2/9/2022,United States of America,North Carolina,6
251,Delaware,2/9/2022,United States of America,Virginia,1
252,District of Columbia,6/3/2022,Canada,Alberta,21
253,District of Columbia,6/3/2022,Canada,British Columbia,60
254,District of Columbia,6/3/2022,Canada,Manitoba,7
255,District of Columbia,6/3/2022,Canada,Newfoundland and Labrador,27
256,District of Columbia,6/3/2022,Canada,Nova Scotia,2
257,District of Columbia,6/3/2022,Canada,Ontario,57
258,District of Columbia,6/3/2022,Canada,Prince Edward Island,18
259,District of Columbia,6/3/2022,Canada,Québec,15
260,District of Columbia,6/3/2022,Canada,Saskatchewan,13
261,District of Columbia,6/3/2022,Canada,Yukon,1
262,District of Columbia,6/3/2022,United States of America,Alaska,2
263,District of Columbia,6/3/2022,United States of America,Colorado,2
264,District of Columbia,6/3/2022,United States of America,Georgia,2
265,District of Columbia,6/3/2022,United States of America,Idaho,35
266,District of Columbia,6/3/2022,United States of America,Illinois,1
267,District of Columbia,6/3/2022,United States of America,Indiana,1
268,District of Columbia,6/3/2022,United States of America,Iowa,4
269,District of Columbia,6/3/2022,United States of America,Michigan,13
270,District of Columbia,6/3/2022,United States of America,Minnesota,19
271,District of Columbia,6/3/2022,United States of America,New Jersey,2
272,District of Columbia,6/3/2022,United States of America,New York,2
273,District of Columbia,6/3/2022,United States of America,North Dakota,12
274,District of Columbia,6/3/2022,United States of America,Ohio,1
275,District of Columbia,6/3/2022,United States of America,Oregon,2
276,District of Columbia,6/3/2022,United States of America,Pennsylvania,15
277,District of Columbia,6/3/2022,United States of America,South Dakota,3
278,District of Columbia,6/3/2022,United States of America,Utah,6
279,District of Columbia,6/3/2022,United States of America,Washington,14
280,District of Columbia,6/3/2022,United States of America,Wisconsin,15
281,District of Columbia,6/3/2022,United States of America,Wyoming,5
282,Florida,2/17/2022,Canada,British Columbia,2
283,Florida,2/17/2022,Canada,New Brunswick,18
284,Florida,2/17/2022,Canada,Newfoundland and Labrador,2
285,Florida,2/17/2022,Canada,Nova Scotia,39
286,Florida,2/17/2022,Canada,Prince Edward Island,15
287,Florida,2/17/2022,Faeroe Islands,Vågø,1
288,Florida,2/17/2022,United States of America,Delaware,1
289,Florida,2/17/2022,United States of America,Indiana,3
290,Florida,2/17/2022,United States of America,Kentucky,4
291,Florida,2/17/2022,United States of America,Maryland,1
292,Florida,2/17/2022,United States of America,New Hampshire,1
293,Florida,2/17/2022,United States of America,New York,4
294,Florida,2/17/2022,United States of America,North Carolina,6
295,Florida,2/17/2022,United States of America,Virginia,3
296,Georgia,5/26/2022,Canada,Alberta,30
297,Georgia,5/26/2022,Canada,British Columbia,68
298,Georgia,5/26/2022,Canada,Manitoba,6
299,Georgia,5/26/2022,Canada,New Brunswick,2
300,Georgia,5/26/2022,Canada,Newfoundland and Labrador,27
301,Georgia,5/26/2022,Canada,Nova Scotia,2
302,Georgia,5/26/2022,Canada,Ontario,71
303,Georgia,5/26/2022,Canada,Prince Edward Island,4
304,Georgia,5/26/2022,Canada,Québec,12
305,Georgia,5/26/2022,Canada,Saskatchewan,21
306,Georgia,5/26/2022,Canada,Yukon,8
307,Georgia,5/26/2022,United States of America,Alaska,5
308,Georgia,5/26/2022,United States of America,Colorado,4
309,Georgia,5/26/2022,United States of America,Idaho,37
310,Georgia,5/26/2022,United States of America,Illinois,1
311,Georgia,5/26/2022,United States of America,Indiana,1
312,Georgia,5/26/2022,United States of America,Iowa,5
313,Georgia,5/26/2022,United States of America,Kansas,1
314,Georgia,5/26/2022,United States of America,Michigan,14
315,Georgia,5/26/2022,United States of America,Minnesota,33
316,Georgia,5/26/2022,United States of America,Montana,5
317,Georgia,5/26/2022,United States of America,Nebraska,3
318,Georgia,5/26/2022,United States of America,New Jersey,2
319,Georgia,5/26/2022,United States of America,New York,3
320,Georgia,5/26/2022,United States of America,North Dakota,9
321,Georgia,5/26/2022,United States of America,Ohio,1
322,Georgia,5/26/2022,United States of America,Oklahoma,2
323,Georgia,5/26/2022,United States of America,Oregon,3
324,Georgia,5/26/2022,United States of America,Pennsylvania,25
325,Georgia,5/26/2022,United States of America,South Dakota,7
326,Georgia,5/26/2022,United States of America,Utah,4
327,Georgia,5/26/2022,United States of America,Washington,18
328,Georgia,5/26/2022,United States of America,Wisconsin,23
329,Georgia,5/26/2022,United States of America,Wyoming,6
330,Idaho,4/1/2022,Canada,New Brunswick,35
331,Idaho,4/1/2022,Canada,Newfoundland and Labrador,2
332,Idaho,4/1/2022,Canada,Nova Scotia,29
333,Idaho,4/1/2022,Canada,Ontario,33
334,Idaho,4/1/2022,Canada,Prince Edward Island,2
335,Idaho,4/1/2022,Canada,Québec,16
336,Idaho,4/1/2022,Canada,Saskatchewan,55
337,Idaho,4/1/2022,Russia,Astrakhan',1
338,Idaho,4/1/2022,United States of America,Colorado,1
339,Idaho,4/1/2022,United States of America,Delaware,4
340,Idaho,4/1/2022,United States of America,Florida,7
341,Idaho,4/1/2022,United States of America,Illinois,5
342,Idaho,4/1/2022,United States of America,Indiana,3
343,Idaho,4/1/2022,United States of America,Iowa,21
344,Idaho,4/1/2022,United States of America,Kansas,11
345,Idaho,4/1/2022,United States of America,Maine,20
346,Idaho,4/1/2022,United States of America,Maryland,11
347,Idaho,4/1/2022,United States of America,Massachusetts,5
348,Idaho,4/1/2022,United States of America,Michigan,5
349,Idaho,4/1/2022,United States of America,Minnesota,12
350,Idaho,4/1/2022,United States of America,Missouri,13
351,Idaho,4/1/2022,United States of America,Nebraska,10
352,Idaho,4/1/2022,United States of America,New Hampshire,4
353,Idaho,4/1/2022,United States of America,New York,12
354,Idaho,4/1/2022,United States of America,North Carolina,4
355,Idaho,4/1/2022,United States of America,North Dakota,2
356,Idaho,4/1/2022,United States of America,Ohio,4
357,Idaho,4/1/2022,United States of America,Pennsylvania,1
358,Idaho,4/1/2022,United States of America,South Dakota,54
359,Idaho,4/1/2022,United States of America,Tennessee,1
360,Idaho,4/1/2022,United States of America,Texas,3
361,Idaho,4/1/2022,United States of America,Wisconsin,5
362,Idaho,4/1/2022,United States of America,Wyoming,8
363,Illinois,3/6/2022,Canada,British Columbia,2
364,Illinois,3/6/2022,Canada,New Brunswick,18
365,Illinois,3/6/2022,Canada,Nova Scotia,2
366,Illinois,3/6/2022,Canada,Prince Edward Island,9
367,Illinois,3/6/2022,United States of America,Alabama,1
368,Illinois,3/6/2022,United States of America,Connecticut,5
369,Illinois,3/6/2022,United States of America,Delaware,4
370,Illinois,3/6/2022,United States of America,Florida,1
371,Illinois,3/6/2022,United States of America,Indiana,14
372,Illinois,3/6/2022,United States of America,Iowa,2
373,Illinois,3/6/2022,United States of America,Kentucky,5
374,Illinois,3/6/2022,United States of America,Maine,5
375,Illinois,3/6/2022,United States of America,Maryland,2
376,Illinois,3/6/2022,United States of America,Massachusetts,1
377,Illinois,3/6/2022,United States of America,Michigan,2
378,Illinois,3/6/2022,United States of America,Missouri,4
379,Illinois,3/6/2022,United States of America,New Hampshire,1
380,Illinois,3/6/2022,United States of America,New Jersey,1
381,Illinois,3/6/2022,United States of America,New York,8
382,Illinois,3/6/2022,United States of America,North Carolina,2
383,Illinois,3/6/2022,United States of America,Ohio,1
384,Illinois,3/6/2022,United States of America,Tennessee,1
385,Illinois,3/6/2022,United States of America,Virginia,2
386,Indiana,2/7/2022,Canada,British Columbia,2
387,Indiana,2/7/2022,Canada,Newfoundland and Labrador,2
388,Indiana,2/7/2022,Canada,Nova Scotia,45
389,Indiana,2/7/2022,Canada,Prince Edward Island,15
390,Indiana,2/7/2022,Russia,Moscow City,2
391,Indiana,2/7/2022,Russia,Stavropol',6
392,Indiana,2/7/2022,United States of America,Maryland,1
393,Indiana,2/7/2022,United States of America,North Carolina,6
394,Indiana,2/7/2022,United States of America,Virginia,1
395,Iowa,2/17/2022,Canada,British Columbia,2
396,Iowa,2/17/2022,Canada,New Brunswick,18
397,Iowa,2/17/2022,Canada,Newfoundland and Labrador,2
398,Iowa,2/17/2022,Canada,Nova Scotia,39
399,Iowa,2/17/2022,Canada,Prince Edward Island,15
400,Iowa,2/17/2022,United States of America,Delaware,1
401,Iowa,2/17/2022,United States of America,Indiana,3
402,Iowa,2/17/2022,United States of America,Kentucky,4
403,Iowa,2/17/2022,United States of America,Maryland,1
404,Iowa,2/17/2022,United States of America,New Hampshire,1
405,Iowa,2/17/2022,United States of America,New York,4
406,Iowa,2/17/2022,United States of America,North Carolina,6
407,Iowa,2/17/2022,United States of America,Virginia,3
408,Kansas,3/9/2022,Canada,New Brunswick,53
409,Kansas,3/9/2022,Canada,Nova Scotia,2
410,Kansas,3/9/2022,Canada,Prince Edward Island,9
411,Kansas,3/9/2022,United States of America,Alabama,1
412,Kansas,3/9/2022,United States of America,Connecticut,5
413,Kansas,3/9/2022,United States of America,Delaware,4
414,Kansas,3/9/2022,United States of America,Florida,1
415,Kansas,3/9/2022,United States of America,Indiana,14
416,Kansas,3/9/2022,United States of America,Iowa,2
417,Kansas,3/9/2022,United States of America,Kentucky,5
418,Kansas,3/9/2022,United States of America,Maine,5
419,Kansas,3/9/2022,United States of America,Maryland,6
420,Kansas,3/9/2022,United States of America,Massachusetts,1
421,Kansas,3/9/2022,United States of America,Michigan,2
422,Kansas,3/9/2022,United States of America,Missouri,4
423,Kansas,3/9/2022,United States of America,Nebraska,2
424,Kansas,3/9/2022,United States of America,New Hampshire,1
425,Kansas,3/9/2022,United States of America,New Jersey,1
426,Kansas,3/9/2022,United States of America,New York,8
427,Kansas,3/9/2022,United States of America,North Carolina,4
428,Kansas,3/9/2022,United States of America,Ohio,1
429,Kansas,3/9/2022,United States of America,South Dakota,2
430,Kansas,3/9/2022,United States of America,Tennessee,1
431,Kansas,3/9/2022,United States of America,Virginia,2
432,Kentucky,2/9/2022,Canada,British Columbia,2
433,Kentucky,2/9/2022,Canada,Newfoundland and Labrador,2
434,Kentucky,2/9/2022,Canada,Nova Scotia,45
435,Kentucky,2/9/2022,Canada,Prince Edward Island,15
436,Kentucky,2/9/2022,United States of America,Maryland,1
437,Kentucky,2/9/2022,United States of America,North Carolina,6
438,Kentucky,2/9/2022,United States of America,Virginia,1
439,Louisiana,10/13/2022,Canada,Alberta,25
440,Louisiana,10/13/2022,Canada,British Columbia,6
441,Louisiana,10/13/2022,Canada,Manitoba,22
442,Louisiana,10/13/2022,Canada,Ontario,25
443,Louisiana,10/13/2022,Canada,Québec,1
444,Louisiana,10/13/2022,Canada,Saskatchewan,14
445,Louisiana,10/13/2022,Mexico,México,1
446,Louisiana,10/13/2022,United States of America,Alaska,3
447,Louisiana,10/13/2022,United States of America,Arkansas,2
448,Louisiana,10/13/2022,United States of America,California,8
449,Louisiana,10/13/2022,United States of America,Colorado,8
450,Louisiana,10/13/2022,United States of America,Connecticut,3
451,Louisiana,10/13/2022,United States of America,Delaware,2
452,Louisiana,10/13/2022,United States of America,Florida,6
453,Louisiana,10/13/2022,United States of America,Idaho,3
454,Louisiana,10/13/2022,United States of America,Illinois,1
455,Louisiana,10/13/2022,United States of America,Kansas,3
456,Louisiana,10/13/2022,United States of America,Kentucky,2
457,Louisiana,10/13/2022,United States of America,Maryland,1
458,Louisiana,10/13/2022,United States of America,Michigan,4
459,Louisiana,10/13/2022,United States of America,Minnesota,12
460,Louisiana,10/13/2022,United States of America,Missouri,2
461,Louisiana,10/13/2022,United States of America,Montana,1
462,Louisiana,10/13/2022,United States of America,Nebraska,4
463,Louisiana,10/13/2022,United States of America,Nevada,2
464,Louisiana,10/13/2022,United States of America,New Hampshire,1
465,Louisiana,10/13/2022,United States of America,New Jersey,1
466,Louisiana,10/13/2022,United States of America,New Mexico,1
467,Louisiana,10/13/2022,United States of America,New York,4
468,Louisiana,10/13/2022,United States of America,North Dakota,3
469,Louisiana,10/13/2022,United States of America,Ohio,1
470,Louisiana,10/13/2022,United States of America,Oregon,6
471,Louisiana,10/13/2022,United States of America,Pennsylvania,10
472,Louisiana,10/13/2022,United States of America,South Dakota,13
473,Louisiana,10/13/2022,United States of America,Texas,4
474,Louisiana,10/13/2022,United States of America,Utah,11
475,Louisiana,10/13/2022,United States of America,Virginia,2
476,Louisiana,10/13/2022,United States of America,Wisconsin,3
477,Louisiana,10/13/2022,United States of America,Wyoming,1
478,Maine,2/14/2022,Canada,British Columbia,2
479,Maine,2/14/2022,Canada,New Brunswick,10
480,Maine,2/14/2022,Canada,Newfoundland and Labrador,2
481,Maine,2/14/2022,Canada,Nova Scotia,39
482,Maine,2/14/2022,Canada,Prince Edward Island,15
483,Maine,2/14/2022,Portugal,Lisboa,6
484,Maine,2/14/2022,Portugal,Setúbal,1
485,Maine,2/14/2022,United States of America,Delaware,1
486,Maine,2/14/2022,United States of America,Indiana,3
487,Maine,2/14/2022,United States of America,Kentucky,4
488,Maine,2/14/2022,United States of America,Maryland,1
489,Maine,2/14/2022,United States of America,New Hampshire,1
490,Maine,2/14/2022,United States of America,New York,2
491,Maine,2/14/2022,United States of America,North Carolina,6
492,Maine,2/14/2022,United States of America,Virginia,3
493,Maryland,2/2/2022,Canada,Newfoundland and Labrador,2
494,Maryland,2/2/2022,Canada,Nova Scotia,31
495,Maryland,2/2/2022,Canada,Prince Edward Island,15
496,Maryland,2/2/2022,United States of America,North Carolina,6
497,Massachusetts,3/1/2022,Canada,British Columbia,2
498,Massachusetts,3/1/2022,Canada,New Brunswick,18
499,Massachusetts,3/1/2022,Canada,Nova Scotia,16
500,Massachusetts,3/1/2022,Canada,Prince Edward Island,9
501,Massachusetts,3/1/2022,United States of America,Alabama,1
502,Massachusetts,3/1/2022,United States of America,Connecticut,5
503,Massachusetts,3/1/2022,United States of America,Delaware,4
504,Massachusetts,3/1/2022,United States of America,Florida,1
505,Massachusetts,3/1/2022,United States of America,Indiana,12
506,Massachusetts,3/1/2022,United States of America,Iowa,2
507,Massachusetts,3/1/2022,United States of America,Kentucky,5
508,Massachusetts,3/1/2022,United States of America,Maine,5
509,Massachusetts,3/1/2022,United States of America,Maryland,1
510,Massachusetts,3/1/2022,United States of America,Michigan,2
511,Massachusetts,3/1/2022,United States of America,New Hampshire,1
512,Massachusetts,3/1/2022,United States of America,New Jersey,1
513,Massachusetts,3/1/2022,United States of America,New York,7
514,Massachusetts,3/1/2022,United States of America,North Carolina,2
515,Massachusetts,3/1/2022,United States of America,Virginia,3
516,Michigan,2/22/2022,Canada,British Columbia,2
517,Michigan,2/22/2022,Canada,New Brunswick,18
518,Michigan,2/22/2022,Canada,Nova Scotia,39
519,Michigan,2/22/2022,Canada,Prince Edward Island,15
520,Michigan,2/22/2022,Spain,Andalucía,43
521,Michigan,2/22/2022,Spain,Castilla y León,18
522,Michigan,2/22/2022,Spain,Cataluña,1
523,Michigan,2/22/2022,Spain,Comunidad de Madrid,3
524,Michigan,2/22/2022,Spain,Extremadura,1
525,Michigan,2/22/2022,United States of America,Connecticut,1
526,Michigan,2/22/2022,United States of America,Delaware,1
527,Michigan,2/22/2022,United States of America,Florida,1
528,Michigan,2/22/2022,United States of America,Indiana,9
529,Michigan,2/22/2022,United States of America,Iowa,2
530,Michigan,2/22/2022,United States of America,Kentucky,5
531,Michigan,2/22/2022,United States of America,Maine,2
532,Michigan,2/22/2022,United States of America,Maryland,1
533,Michigan,2/22/2022,United States of America,New Hampshire,1
534,Michigan,2/22/2022,United States of America,New York,4
535,Michigan,2/22/2022,United States of America,North Carolina,2
536,Michigan,2/22/2022,United States of America,Virginia,3
537,Minnesota,3/25/2022,Canada,New Brunswick,35
538,Minnesota,3/25/2022,Canada,Nova Scotia,29
539,Minnesota,3/25/2022,Canada,Ontario,19
540,Minnesota,3/25/2022,Canada,Prince Edward Island,11
541,Minnesota,3/25/2022,Canada,Québec,10
542,Minnesota,3/25/2022,Japan,Hokkaido,9
543,Minnesota,3/25/2022,Japan,Iwate,10
544,Minnesota,3/25/2022,United States of America,Alabama,1
545,Minnesota,3/25/2022,United States of America,Connecticut,4
546,Minnesota,3/25/2022,United States of America,Delaware,4
547,Minnesota,3/25/2022,United States of America,Florida,7
548,Minnesota,3/25/2022,United States of America,Illinois,3
549,Minnesota,3/25/2022,United States of America,Indiana,6
550,Minnesota,3/25/2022,United States of America,Iowa,12
551,Minnesota,3/25/2022,United States of America,Kansas,11
552,Minnesota,3/25/2022,United States of America,Maine,19
553,Minnesota,3/25/2022,United States of America,Maryland,11
554,Minnesota,3/25/2022,United States of America,Massachusetts,5
555,Minnesota,3/25/2022,United States of America,Michigan,6
556,Minnesota,3/25/2022,United States of America,Missouri,12
557,Minnesota,3/25/2022,United States of America,Nebraska,5
558,Minnesota,3/25/2022,United States of America,New Hampshire,4
559,Minnesota,3/25/2022,United States of America,New Jersey,1
560,Minnesota,3/25/2022,United States of America,New York,5
561,Minnesota,3/25/2022,United States of America,North Carolina,2
562,Minnesota,3/25/2022,United States of America,Ohio,2
563,Minnesota,3/25/2022,United States of America,South Dakota,21
564,Minnesota,3/25/2022,United States of America,Tennessee,1
565,Minnesota,3/25/2022,United States of America,Texas,3
566,Minnesota,3/25/2022,United States of America,Wisconsin,3
567,Mississippi,9/10/2022,Canada,Alberta,4
568,Mississippi,9/10/2022,Canada,British Columbia,4
569,Mississippi,9/10/2022,Canada,Manitoba,2
570,Mississippi,9/10/2022,Canada,Québec,2
571,Mississippi,9/10/2022,Portugal,Beja,3
572,Mississippi,9/10/2022,Portugal,Santarém,1
573,Mississippi,9/10/2022,Portugal,Évora,1
574,Mississippi,9/10/2022,United States of America,California,18
575,Mississippi,9/10/2022,United States of America,Florida,1
576,Mississippi,9/10/2022,United States of America,Georgia,1
577,Mississippi,9/10/2022,United States of America,Indiana,1
578,Mississippi,9/10/2022,United States of America,Michigan,1
579,Mississippi,9/10/2022,United States of America,Minnesota,10
580,Mississippi,9/10/2022,United States of America,North Dakota,1
581,Mississippi,9/10/2022,United States of America,Ohio,4
582,Mississippi,9/10/2022,United States of America,Oregon,1
583,Mississippi,9/10/2022,United States of America,Pennsylvania,2
584,Mississippi,9/10/2022,United States of America,Utah,2
585,Mississippi,9/10/2022,United States of America,Virginia,1
586,Mississippi,9/10/2022,United States of America,Washington,4
587,Mississippi,9/10/2022,United States of America,Wisconsin,2
588,Missouri,2/27/2022,Canada,British Columbia,2
589,Missouri,2/27/2022,Canada,New Brunswick,18
590,Missouri,2/27/2022,Canada,Nova Scotia,20
591,Missouri,2/27/2022,Canada,Prince Edward Island,9
592,Missouri,2/27/2022,United States of America,Alabama,1
593,Missouri,2/27/2022,United States of America,Connecticut,5
594,Missouri,2/27/2022,United States of America,Delaware,4
595,Missouri,2/27/2022,United States of America,Florida,1
596,Missouri,2/27/2022,United States of America,Indiana,12
597,Missouri,2/27/2022,United States of America,Iowa,2
598,Missouri,2/27/2022,United States of America,Kentucky,5
599,Missouri,2/27/2022,United States of America,Maine,5
600,Missouri,2/27/2022,United States of America,Maryland,1
601,Missouri,2/27/2022,United States of America,Michigan,2
602,Missouri,2/27/2022,United States of America,New Hampshire,1
603,Missouri,2/27/2022,United States of America,New Jersey,1
604,Missouri,2/27/2022,United States of America,New York,7
605,Missouri,2/27/2022,United States of America,North Carolina,2
606,Missouri,2/27/2022,United States of America,Virginia,3
607,Montana,3/29/2022,Canada,New Brunswick,35
608,Montana,3/29/2022,Canada,Newfoundland and Labrador,2
609,Montana,3/29/2022,Canada,Nova Scotia,29
610,Montana,3/29/2022,Canada,Ontario,33
611,Montana,3/29/2022,Canada,Prince Edward Island,2
612,Montana,3/29/2022,Canada,Québec,16
613,Montana,3/29/2022,Russia,Astrakhan',1
614,Montana,3/29/2022,United States of America,Colorado,1
615,Montana,3/29/2022,United States of America,Delaware,4
616,Montana,3/29/2022,United States of America,Florida,7
617,Montana,3/29/2022,United States of America,Illinois,3
618,Montana,3/29/2022,United States of America,Indiana,3
619,Montana,3/29/2022,United States of America,Iowa,16
620,Montana,3/29/2022,United States of America,Kansas,11
621,Montana,3/29/2022,United States of America,Maine,18
622,Montana,3/29/2022,United States of America,Maryland,11
623,Montana,3/29/2022,United States of America,Massachusetts,5
624,Montana,3/29/2022,United States of America,Michigan,5
625,Montana,3/29/2022,United States of America,Minnesota,5
626,Montana,3/29/2022,United States of America,Missouri,15
627,Montana,3/29/2022,United States of America,Nebraska,10
628,Montana,3/29/2022,United States of America,New Hampshire,4
629,Montana,3/29/2022,United States of America,New York,13
630,Montana,3/29/2022,United States of America,North Carolina,2
631,Montana,3/29/2022,United States of America,Ohio,2
632,Montana,3/29/2022,United States of America,Pennsylvania,1
633,Montana,3/29/2022,United States of America,South Dakota,39
634,Montana,3/29/2022,United States of America,Tennessee,1
635,Montana,3/29/2022,United States of America,Texas,3
636,Montana,3/29/2022,United States of America,Wisconsin,5
637,Montana,3/29/2022,United States of America,Wyoming,4
638,Nebraska,3/5/2022,Canada,British Columbia,2
639,Nebraska,3/5/2022,Canada,New Brunswick,18
640,Nebraska,3/5/2022,Canada,Nova Scotia,4
641,Nebraska,3/5/2022,Canada,Prince Edward Island,9
642,Nebraska,3/5/2022,Russia,Stavropol',2
643,Nebraska,3/5/2022,United States of America,Alabama,1
644,Nebraska,3/5/2022,United States of America,Connecticut,5
645,Nebraska,3/5/2022,United States of America,Delaware,4
646,Nebraska,3/5/2022,United States of America,Florida,1
647,Nebraska,3/5/2022,United States of America,Indiana,14
648,Nebraska,3/5/2022,United States of America,Iowa,2
649,Nebraska,3/5/2022,United States of America,Kentucky,5
650,Nebraska,3/5/2022,United States of America,Maine,5
651,Nebraska,3/5/2022,United States of America,Maryland,1
652,Nebraska,3/5/2022,United States of America,Massachusetts,1
653,Nebraska,3/5/2022,United States of America,Michigan,2
654,Nebraska,3/5/2022,United States of America,Missouri,4
655,Nebraska,3/5/2022,United States of America,New Hampshire,1
656,Nebraska,3/5/2022,United States of America,New Jersey,1
657,Nebraska,3/5/2022,United States of America,New York,8
658,Nebraska,3/5/2022,United States of America,North Carolina,2
659,Nebraska,3/5/2022,United States of America,Tennessee,1
660,Nebraska,3/5/2022,United States of America,Virginia,2
661,Nevada,6/28/2022,Canada,British Columbia,13
662,Nevada,6/28/2022,Canada,Manitoba,2
663,Nevada,6/28/2022,Canada,Northwest Territories,1
664,Nevada,6/28/2022,Canada,Prince Edward Island,14
665,Nevada,6/28/2022,Canada,Québec,9
666,Nevada,6/28/2022,Russia,Kursk,2
667,Nevada,6/28/2022,Russia,Ryazan',9
668,Nevada,6/28/2022,United States of America,Alaska,7
669,Nevada,6/28/2022,United States of America,Arizona,1
670,Nevada,6/28/2022,United States of America,Colorado,5
671,Nevada,6/28/2022,United States of America,District of Columbia,1
672,Nevada,6/28/2022,United States of America,Florida,1
673,Nevada,6/28/2022,United States of America,Idaho,3
674,Nevada,6/28/2022,United States of America,Indiana,2
675,Nevada,6/28/2022,United States of America,Maine,3
676,Nevada,6/28/2022,United States of America,Massachusetts,2
677,Nevada,6/28/2022,United States of America,Michigan,5
678,Nevada,6/28/2022,United States of America,Minnesota,3
679,Nevada,6/28/2022,United States of America,North Dakota,2
680,Nevada,6/28/2022,United States of America,Oregon,1
681,Nevada,6/28/2022,United States of America,Pennsylvania,2
682,Nevada,6/28/2022,United States of America,Utah,1
683,Nevada,6/28/2022,United States of America,Washington,15
684,Nevada,6/28/2022,United States of America,Wyoming,2
685,New Hampshire,2/9/2022,Canada,British Columbia,2
686,New Hampshire,2/9/2022,Canada,Newfoundland and Labrador,2
687,New Hampshire,2/9/2022,Canada,Nova Scotia,45
688,New Hampshire,2/9/2022,Canada,Prince Edward Island,15
689,New Hampshire,2/9/2022,United States of America,Maryland,1
690,New Hampshire,2/9/2022,United States of America,North Carolina,6
691,New Hampshire,2/9/2022,United States of America,Virginia,1
692,New Jersey,2/23/2022,Canada,British Columbia,2
693,New Jersey,2/23/2022,Canada,New Brunswick,18
694,New Jersey,2/23/2022,Canada,Nova Scotia,39
695,New Jersey,2/23/2022,Japan,Chiba,1
696,New Jersey,2/23/2022,Japan,Fukushima,1
697,New Jersey,2/23/2022,Japan,Hokkaido,15
698,New Jersey,2/23/2022,Japan,Iwate,10
699,New Jersey,2/23/2022,Japan,Kyoto,1
700,New Jersey,2/23/2022,Netherlands,Flevoland,6
701,New Jersey,2/23/2022,Netherlands,Friesland,6
702,New Jersey,2/23/2022,Netherlands,Gelderland,46
703,New Jersey,2/23/2022,Netherlands,Groningen,2
704,New Jersey,2/23/2022,Netherlands,Limburg,3
705,New Jersey,2/23/2022,Netherlands,Noord-Brabant,6
706,New Jersey,2/23/2022,Netherlands,Noord-Holland,22
707,New Jersey,2/23/2022,Netherlands,Overijssel,4
708,New Jersey,2/23/2022,Netherlands,Utrecht,9
709,New Jersey,2/23/2022,Netherlands,Zuid-Holland,25
710,New Jersey,2/23/2022,Portugal,Beja,1
711,New Jersey,2/23/2022,Portugal,Lisboa,10
712,New Jersey,2/23/2022,United Kingdom,England,70
713,New Jersey,2/23/2022,United Kingdom,Isle of Man,1
714,New Jersey,2/23/2022,United Kingdom,Northern Ireland,2
715,New Jersey,2/23/2022,United Kingdom,Scotland,65
716,New Jersey,2/23/2022,United Kingdom,Wales,14
717,New Jersey,2/23/2022,United States of America,Connecticut,1
718,New Jersey,2/23/2022,United States of America,Delaware,1
719,New Jersey,2/23/2022,United States of America,Florida,1
720,New Jersey,2/23/2022,United States of America,Indiana,9
721,New Jersey,2/23/2022,United States of America,Iowa,2
722,New Jersey,2/23/2022,United States of America,Kentucky,5
723,New Jersey,2/23/2022,United States of America,Maine,4
724,New Jersey,2/23/2022,United States of America,Maryland,1
725,New Jersey,2/23/2022,United States of America,New Hampshire,1
726,New Jersey,2/23/2022,United States of America,New York,7
727,New Jersey,2/23/2022,United States of America,North Carolina,2
728,New Jersey,2/23/2022,United States of America,Virginia,3
729,New Mexico,10/1/2022,Canada,Alberta,28
730,New Mexico,10/1/2022,Canada,British Columbia,6
731,New Mexico,10/1/2022,Canada,Manitoba,12
732,New Mexico,10/1/2022,Canada,Ontario,20
733,New Mexico,10/1/2022,Canada,Saskatchewan,10
734,New Mexico,10/1/2022,Japan,Kanagawa,1
735,New Mexico,10/1/2022,Russia,Saratov,1
736,New Mexico,10/1/2022,United States of America,Alaska,2
737,New Mexico,10/1/2022,United States of America,California,9
738,New Mexico,10/1/2022,United States of America,Colorado,4
739,New Mexico,10/1/2022,United States of America,Delaware,2
740,New Mexico,10/1/2022,United States of America,Idaho,5
741,New Mexico,10/1/2022,United States of America,Kentucky,1
742,New Mexico,10/1/2022,United States of America,Maryland,1
743,New Mexico,10/1/2022,United States of America,Massachusetts,1
744,New Mexico,10/1/2022,United States of America,Michigan,3
745,New Mexico,10/1/2022,United States of America,Minnesota,23
746,New Mexico,10/1/2022,United States of America,Mississippi,1
747,New Mexico,10/1/2022,United States of America,Nebraska,1
748,New Mexico,10/1/2022,United States of America,New Hampshire,1
749,New Mexico,10/1/2022,United States of America,New York,4
750,New Mexico,10/1/2022,United States of America,North Dakota,3
751,New Mexico,10/1/2022,United States of America,Ohio,3
752,New Mexico,10/1/2022,United States of America,Oregon,5
753,New Mexico,10/1/2022,United States of America,Pennsylvania,6
754,New Mexico,10/1/2022,United States of America,South Dakota,7
755,New Mexico,10/1/2022,United States of America,Tennessee,1
756,New Mexico,10/1/2022,United States of America,Texas,2
757,New Mexico,10/1/2022,United States of America,Utah,8
758,New Mexico,10/1/2022,United States of America,Washington,1
759,New Mexico,10/1/2022,United States of America,Wisconsin,3
760,New York,2/7/2022,Canada,British Columbia,2
761,New York,2/7/2022,Canada,Newfoundland and Labrador,2
762,New York,2/7/2022,Canada,Nova Scotia,45
763,New York,2/7/2022,Canada,Prince Edward Island,15
764,New York,2/7/2022,Ireland,Cork,1
765,New York,2/7/2022,Ireland,Donegal,3
766,New York,2/7/2022,Ireland,Dublin,1
767,New York,2/7/2022,Spain,Andalucía,11
768,New York,2/7/2022,Spain,Castilla y León,20
769,New York,2/7/2022,Spain,Cataluña,3
770,New York,2/7/2022,United States of America,Maryland,1
771,New York,2/7/2022,United States of America,North Carolina,6
772,New York,2/7/2022,United States of America,Virginia,1
773,North Carolina,1/20/2022,Canada,Newfoundland and Labrador,2
774,North Carolina,1/20/2022,Canada,Nova Scotia,8
775,North Carolina,1/20/2022,Portugal,Leiria,3
776,North Carolina,1/20/2022,Portugal,Santarém,6
777,North Carolina,1/20/2022,Portugal,Setúbal,2
778,North Carolina,1/20/2022,United States of America,South Carolina,2
779,North Dakota,3/27/2022,Canada,New Brunswick,35
780,North Dakota,3/27/2022,Canada,Nova Scotia,29
781,North Dakota,3/27/2022,Canada,Ontario,19
782,North Dakota,3/27/2022,Canada,Prince Edward Island,2
783,North Dakota,3/27/2022,Canada,Québec,10
784,North Dakota,3/27/2022,United States of America,Delaware,4
785,North Dakota,3/27/2022,United States of America,Florida,7
786,North Dakota,3/27/2022,United States of America,Illinois,3
787,North Dakota,3/27/2022,United States of America,Indiana,3
788,North Dakota,3/27/2022,United States of America,Iowa,14
789,North Dakota,3/27/2022,United States of America,Kansas,11
790,North Dakota,3/27/2022,United States of America,Maine,18
791,North Dakota,3/27/2022,United States of America,Maryland,11
792,North Dakota,3/27/2022,United States of America,Massachusetts,5
793,North Dakota,3/27/2022,United States of America,Michigan,4
794,North Dakota,3/27/2022,United States of America,Missouri,15
795,North Dakota,3/27/2022,United States of America,Nebraska,10
796,North Dakota,3/27/2022,United States of America,New Hampshire,4
797,North Dakota,3/27/2022,United States of America,New York,6
798,North Dakota,3/27/2022,United States of America,North Carolina,2
799,North Dakota,3/27/2022,United States of America,Ohio,2
800,North Dakota,3/27/2022,United States of America,South Dakota,31
801,North Dakota,3/27/2022,United States of America,Tennessee,1
802,North Dakota,3/27/2022,United States of America,Texas,3
803,North Dakota,3/27/2022,United States of America,Wisconsin,3
804,Ohio,3/2/2022,Canada,British Columbia,2
805,Ohio,3/2/2022,Canada,New Brunswick,18
806,Ohio,3/2/2022,Canada,Nova Scotia,16
807,Ohio,3/2/2022,Canada,Prince Edward Island,9
808,Ohio,3/2/2022,United States of America,Alabama,1
809,Ohio,3/2/2022,United States of America,Connecticut,5
810,Ohio,3/2/2022,United States of America,Delaware,4
811,Ohio,3/2/2022,United States of America,Florida,1
812,Ohio,3/2/2022,United States of America,Indiana,12
813,Ohio,3/2/2022,United States of America,Iowa,2
814,Ohio,3/2/2022,United States of America,Kentucky,5
815,Ohio,3/2/2022,United States of America,Maine,5
816,Ohio,3/2/2022,United States of America,Maryland,1
817,Ohio,3/2/2022,United States of America,Michigan,2
818,Ohio,3/2/2022,United States of America,New Hampshire,1
819,Ohio,3/2/2022,United States of America,New Jersey,1
820,Ohio,3/2/2022,United States of America,New York,8
821,Ohio,3/2/2022,United States of America,North Carolina,2
822,Ohio,3/2/2022,United States of America,Virginia,3
823,Oklahoma,4/28/2022,Canada,Alberta,137
824,Oklahoma,4/28/2022,Canada,British Columbia,14
825,Oklahoma,4/28/2022,Canada,Manitoba,50
826,Oklahoma,4/28/2022,Canada,New Brunswick,4
827,Oklahoma,4/28/2022,Canada,Newfoundland and Labrador,7
828,Oklahoma,4/28/2022,Canada,Ontario,71
829,Oklahoma,4/28/2022,Canada,Québec,95
830,Oklahoma,4/28/2022,Canada,Saskatchewan,86
831,Oklahoma,4/28/2022,Russia,Khabarovsk,1
832,Oklahoma,4/28/2022,United States of America,Colorado,6
833,Oklahoma,4/28/2022,United States of America,Florida,5
834,Oklahoma,4/28/2022,United States of America,Idaho,6
835,Oklahoma,4/28/2022,United States of America,Illinois,2
836,Oklahoma,4/28/2022,United States of America,Indiana,7
837,Oklahoma,4/28/2022,United States of America,Iowa,23
838,Oklahoma,4/28/2022,United States of America,Kansas,2
839,Oklahoma,4/28/2022,United States of America,Maine,2
840,Oklahoma,4/28/2022,United States of America,Michigan,15
841,Oklahoma,4/28/2022,United States of America,Minnesota,141
842,Oklahoma,4/28/2022,United States of America,Missouri,7
843,Oklahoma,4/28/2022,United States of America,Montana,13
844,Oklahoma,4/28/2022,United States of America,Nebraska,9
845,Oklahoma,4/28/2022,United States of America,New York,10
846,Oklahoma,4/28/2022,United States of America,North Carolina,16
847,Oklahoma,4/28/2022,United States of America,North Dakota,27
848,Oklahoma,4/28/2022,United States of America,Pennsylvania,8
849,Oklahoma,4/28/2022,United States of America,South Dakota,43
850,Oklahoma,4/28/2022,United States of America,Utah,5
851,Oklahoma,4/28/2022,United States of America,Vermont,3
852,Oklahoma,4/28/2022,United States of America,Wisconsin,30
853,Oklahoma,4/28/2022,United States of America,Wyoming,7
854,Oregon,4/29/2022,Canada,Alberta,137
855,Oregon,4/29/2022,Canada,British Columbia,14
856,Oregon,4/29/2022,Canada,Manitoba,50
857,Oregon,4/29/2022,Canada,New Brunswick,4
858,Oregon,4/29/2022,Canada,Newfoundland and Labrador,7
859,Oregon,4/29/2022,Canada,Ontario,74
860,Oregon,4/29/2022,Canada,Québec,95
861,Oregon,4/29/2022,Canada,Saskatchewan,33
862,Oregon,4/29/2022,Japan,Akita,3
863,Oregon,4/29/2022,Japan,Aomori,2
864,Oregon,4/29/2022,Japan,Hokkaido,41
865,Oregon,4/29/2022,Japan,Iwate,2
866,Oregon,4/29/2022,Russia,Khabarovsk,1
867,Oregon,4/29/2022,United States of America,Colorado,6
868,Oregon,4/29/2022,United States of America,Florida,5
869,Oregon,4/29/2022,United States of America,Idaho,6
870,Oregon,4/29/2022,United States of America,Illinois,2
871,Oregon,4/29/2022,United States of America,Indiana,7
872,Oregon,4/29/2022,United States of America,Iowa,18
873,Oregon,4/29/2022,United States of America,Kansas,3
874,Oregon,4/29/2022,United States of America,Maine,2
875,Oregon,4/29/2022,United States of America,Michigan,15
876,Oregon,4/29/2022,United States of America,Minnesota,141
877,Oregon,4/29/2022,United States of America,Missouri,7
878,Oregon,4/29/2022,United States of America,Montana,17
879,Oregon,4/29/2022,United States of America,Nebraska,9
880,Oregon,4/29/2022,United States of America,New York,10
881,Oregon,4/29/2022,United States of America,North Carolina,16
882,Oregon,4/29/2022,United States of America,North Dakota,27
883,Oregon,4/29/2022,United States of America,Pennsylvania,10
884,Oregon,4/29/2022,United States of America,South Dakota,40
885,Oregon,4/29/2022,United States of America,Utah,5
886,Oregon,4/29/2022,United States of America,Vermont,3
887,Oregon,4/29/2022,United States of America,Washington,5
888,Oregon,4/29/2022,United States of America,Wisconsin,32
889,Oregon,4/29/2022,United States of America,Wyoming,5
890,Pennsylvania,3/24/2022,Canada,New Brunswick,35
891,Pennsylvania,3/24/2022,Canada,Nova Scotia,27
892,Pennsylvania,3/24/2022,Canada,Ontario,19
893,Pennsylvania,3/24/2022,Canada,Prince Edward Island,11
894,Pennsylvania,3/24/2022,Canada,Québec,10
895,Pennsylvania,3/24/2022,United States of America,Alabama,1
896,Pennsylvania,3/24/2022,United States of America,Connecticut,4
897,Pennsylvania,3/24/2022,United States of America,Delaware,4
898,Pennsylvania,3/24/2022,United States of America,Florida,6
899,Pennsylvania,3/24/2022,United States of America,Illinois,3
900,Pennsylvania,3/24/2022,United States of America,Indiana,6
901,Pennsylvania,3/24/2022,United States of America,Iowa,12
902,Pennsylvania,3/24/2022,United States of America,Kansas,11
903,Pennsylvania,3/24/2022,United States of America,Maine,17
904,Pennsylvania,3/24/2022,United States of America,Maryland,11
905,Pennsylvania,3/24/2022,United States of America,Massachusetts,5
906,Pennsylvania,3/24/2022,United States of America,Michigan,6
907,Pennsylvania,3/24/2022,United States of America,Missouri,12
908,Pennsylvania,3/24/2022,United States of America,Nebraska,5
909,Pennsylvania,3/24/2022,United States of America,New Hampshire,4
910,Pennsylvania,3/24/2022,United States of America,New Jersey,1
911,Pennsylvania,3/24/2022,United States of America,New York,1
912,Pennsylvania,3/24/2022,United States of America,North Carolina,2
913,Pennsylvania,3/24/2022,United States of America,Ohio,2
914,Pennsylvania,3/24/2022,United States of America,South Dakota,16
915,Pennsylvania,3/24/2022,United States of America,Tennessee,1
916,Pennsylvania,3/24/2022,United States of America,Texas,3
917,Pennsylvania,3/24/2022,United States of America,Wisconsin,3
918,Rhode Island,7/6/2022,Canada,Alberta,20
919,Rhode Island,7/6/2022,Canada,British Columbia,37
920,Rhode Island,7/6/2022,Canada,Manitoba,21
921,Rhode Island,7/6/2022,Canada,New Brunswick,5
922,Rhode Island,7/6/2022,Canada,Newfoundland and Labrador,6
923,Rhode Island,7/6/2022,Canada,Northwest Territories,1
924,Rhode Island,7/6/2022,Canada,Nova Scotia,5
925,Rhode Island,7/6/2022,Canada,Ontario,21
926,Rhode Island,7/6/2022,Canada,Prince Edward Island,4
927,Rhode Island,7/6/2022,Canada,Québec,29
928,Rhode Island,7/6/2022,Canada,Saskatchewan,13
929,Rhode Island,7/6/2022,United States of America,Alaska,8
930,Rhode Island,7/6/2022,United States of America,Arizona,1
931,Rhode Island,7/6/2022,United States of America,Florida,1
932,Rhode Island,7/6/2022,United States of America,Idaho,3
933,Rhode Island,7/6/2022,United States of America,Maine,11
934,Rhode Island,7/6/2022,United States of America,Michigan,4
935,Rhode Island,7/6/2022,United States of America,Minnesota,2
936,Rhode Island,7/6/2022,United States of America,Nevada,1
937,Rhode Island,7/6/2022,United States of America,Oregon,2
938,Rhode Island,7/6/2022,United States of America,Utah,1
939,Rhode Island,7/6/2022,United States of America,Washington,13
940,Rhode Island,7/6/2022,United States of America,Wyoming,2
941,South Carolina,12/30/2021,Canada,Newfoundland and Labrador,6
942,South Dakota,3/3/2022,Canada,British Columbia,2
943,South Dakota,3/3/2022,Canada,New Brunswick,18
944,South Dakota,3/3/2022,Canada,Nova Scotia,16
945,South Dakota,3/3/2022,Canada,Prince Edward Island,9
946,South Dakota,3/3/2022,Russia,Stavropol',8
947,South Dakota,3/3/2022,United States of America,Alabama,1
948,South Dakota,3/3/2022,United States of America,Connecticut,5
949,South Dakota,3/3/2022,United States of America,Delaware,4
950,South Dakota,3/3/2022,United States of America,Florida,1
951,South Dakota,3/3/2022,United States of America,Indiana,12
952,South Dakota,3/3/2022,United States of America,Iowa,2
953,South Dakota,3/3/2022,United States of America,Kentucky,5
954,South Dakota,3/3/2022,United States of America,Maine,5
955,South Dakota,3/3/2022,United States of America,Maryland,1
956,South Dakota,3/3/2022,United States of America,Michigan,2
957,South Dakota,3/3/2022,United States of America,Missouri,2
958,South Dakota,3/3/2022,United States of America,New Hampshire,1
959,South Dakota,3/3/2022,United States of America,New Jersey,1
960,South Dakota,3/3/2022,United States of America,New York,8
961,South Dakota,3/3/2022,United States of America,North Carolina,2
962,South Dakota,3/3/2022,United States of America,Virginia,3
963,Tennessee,3/1/2022,Canada,British Columbia,2
964,Tennessee,3/1/2022,Canada,New Brunswick,18
965,Tennessee,3/1/2022,Canada,Nova Scotia,16
966,Tennessee,3/1/2022,Canada,Prince Edward Island,9
967,Tennessee,3/1/2022,United States of America,Alabama,1
968,Tennessee,3/1/2022,United States of America,Connecticut,5
969,Tennessee,3/1/2022,United States of America,Delaware,4
970,Tennessee,3/1/2022,United States of America,Florida,1
971,Tennessee,3/1/2022,United States of America,Indiana,12
972,Tennessee,3/1/2022,United States of America,Iowa,2
973,Tennessee,3/1/2022,United States of America,Kentucky,5
974,Tennessee,3/1/2022,United States of America,Maine,5
975,Tennessee,3/1/2022,United States of America,Maryland,1
976,Tennessee,3/1/2022,United States of America,Michigan,2
977,Tennessee,3/1/2022,United States of America,New Hampshire,1
978,Tennessee,3/1/2022,United States of America,New Jersey,1
979,Tennessee,3/1/2022,United States of America,New York,7
980,Tennessee,3/1/2022,United States of America,North Carolina,2
981,Tennessee,3/1/2022,United States of America,Virginia,3
982,Texas,3/18/2022,Canada,New Brunswick,35
983,Texas,3/18/2022,Canada,Nova Scotia,2
984,Texas,3/18/2022,Canada,Ontario,12
985,Texas,3/18/2022,Canada,Prince Edward Island,9
986,Texas,3/18/2022,United States of America,Alabama,1
987,Texas,3/18/2022,United States of America,Connecticut,5
988,Texas,3/18/2022,United States of America,Delaware,5
989,Texas,3/18/2022,United States of America,Florida,4
990,Texas,3/18/2022,United States of America,Illinois,3
991,Texas,3/18/2022,United States of America,Indiana,10
992,Texas,3/18/2022,United States of America,Iowa,8
993,Texas,3/18/2022,United States of America,Kansas,8
994,Texas,3/18/2022,United States of America,Kentucky,1
995,Texas,3/18/2022,United States of America,Maine,10
996,Texas,3/18/2022,United States of America,Maryland,8
997,Texas,3/18/2022,United States of America,Massachusetts,1
998,Texas,3/18/2022,United States of America,Michigan,3
999,Texas,3/18/2022,United States of America,Missouri,12
1000,Texas,3/18/2022,United States of America,Nebraska,3
1001,Texas,3/18/2022,United States of America,New Hampshire,3
1002,Texas,3/18/2022,United States of America,New Jersey,1
1003,Texas,3/18/2022,United States of America,New York,4
1004,Texas,3/18/2022,United States of America,North Carolina,4
1005,Texas,3/18/2022,United States of America,Ohio,2
1006,Texas,3/18/2022,United States of America,South Dakota,5
1007,Texas,3/18/2022,United States of America,Tennessee,1
1008,Texas,3/18/2022,United States of America,Wisconsin,3
1009,Utah,4/11/2022,Canada,Alberta,62
1010,Utah,4/11/2022,Canada,British Columbia,7
1011,Utah,4/11/2022,Canada,Newfoundland and Labrador,9
1012,Utah,4/11/2022,Canada,Nova Scotia,27
1013,Utah,4/11/2022,Canada,Ontario,60
1014,Utah,4/11/2022,Canada,Prince Edward Island,2
1015,Utah,4/11/2022,Canada,Québec,89
1016,Utah,4/11/2022,Canada,Saskatchewan,59
1017,Utah,4/11/2022,Russia,Astrakhan',1
1018,Utah,4/11/2022,United States of America,Colorado,3
1019,Utah,4/11/2022,United States of America,Delaware,2
1020,Utah,4/11/2022,United States of America,Florida,7
1021,Utah,4/11/2022,United States of America,Idaho,1
1022,Utah,4/11/2022,United States of America,Illinois,2
1023,Utah,4/11/2022,United States of America,Indiana,2
1024,Utah,4/11/2022,United States of America,Iowa,30
1025,Utah,4/11/2022,United States of America,Kansas,9
1026,Utah,4/11/2022,United States of America,Maine,17
1027,Utah,4/11/2022,United States of America,Maryland,3
1028,Utah,4/11/2022,United States of America,Massachusetts,4
1029,Utah,4/11/2022,United States of America,Michigan,6
1030,Utah,4/11/2022,United States of America,Minnesota,74
1031,Utah,4/11/2022,United States of America,Missouri,10
1032,Utah,4/11/2022,United States of America,Montana,7
1033,Utah,4/11/2022,United States of America,Nebraska,9
1034,Utah,4/11/2022,United States of America,New Hampshire,4
1035,Utah,4/11/2022,United States of America,New York,19
1036,Utah,4/11/2022,United States of America,North Carolina,16
1037,Utah,4/11/2022,United States of America,North Dakota,19
1038,Utah,4/11/2022,United States of America,Ohio,2
1039,Utah,4/11/2022,United States of America,Pennsylvania,1
1040,Utah,4/11/2022,United States of America,South Dakota,87
1041,Utah,4/11/2022,United States of America,Texas,3
1042,Utah,4/11/2022,United States of America,Vermont,1
1043,Utah,4/11/2022,United States of America,Wisconsin,10
1044,Utah,4/11/2022,United States of America,Wyoming,11
1045,Vermont,4/7/2022,Canada,Newfoundland and Labrador,9
1046,Vermont,4/7/2022,Canada,Nova Scotia,29
1047,Vermont,4/7/2022,Canada,Ontario,60
1048,Vermont,4/7/2022,Canada,Prince Edward Island,2
1049,Vermont,4/7/2022,Canada,Québec,18
1050,Vermont,4/7/2022,Canada,Saskatchewan,59
1051,Vermont,4/7/2022,United States of America,Colorado,3
1052,Vermont,4/7/2022,United States of America,Delaware,4
1053,Vermont,4/7/2022,United States of America,Florida,10
1054,Vermont,4/7/2022,United States of America,Idaho,1
1055,Vermont,4/7/2022,United States of America,Illinois,3
1056,Vermont,4/7/2022,United States of America,Indiana,3
1057,Vermont,4/7/2022,United States of America,Iowa,32
1058,Vermont,4/7/2022,United States of America,Kansas,11
1059,Vermont,4/7/2022,United States of America,Maine,22
1060,Vermont,4/7/2022,United States of America,Maryland,5
1061,Vermont,4/7/2022,United States of America,Massachusetts,4
1062,Vermont,4/7/2022,United States of America,Michigan,5
1063,Vermont,4/7/2022,United States of America,Minnesota,49
1064,Vermont,4/7/2022,United States of America,Missouri,16
1065,Vermont,4/7/2022,United States of America,Montana,4
1066,Vermont,4/7/2022,United States of America,Nebraska,9
1067,Vermont,4/7/2022,United States of America,New Hampshire,4
1068,Vermont,4/7/2022,United States of America,New York,18
1069,Vermont,4/7/2022,United States of America,North Carolina,10
1070,Vermont,4/7/2022,United States of America,North Dakota,14
1071,Vermont,4/7/2022,United States of America,Ohio,3
1072,Vermont,4/7/2022,United States of America,Pennsylvania,1
1073,Vermont,4/7/2022,United States of America,South Dakota,77
1074,Vermont,4/7/2022,United States of America,Texas,3
1075,Vermont,4/7/2022,United States of America,Wisconsin,10
1076,Vermont,4/7/2022,United States of America,Wyoming,10
1077,Virginia,2/1/2022,Canada,Newfoundland and Labrador,2
1078,Virginia,2/1/2022,Canada,Nova Scotia,31
1079,Virginia,2/1/2022,Canada,Prince Edward Island,15
1080,Virginia,2/1/2022,Korea (Rep. of),Chungcheongbuk-do,1
1081,Virginia,2/1/2022,Korea (Rep. of),Chungcheongnam-do,2
1082,Virginia,2/1/2022,Korea (Rep. of),Gangwon-do,2
1083,Virginia,2/1/2022,Korea (Rep. of),Gyeonggi-do,5
1084,Virginia,2/1/2022,Korea (Rep. of),Gyeongsangnam-do,2
1085,Virginia,2/1/2022,Korea (Rep. of),Jeollabuk-do,6
1086,Virginia,2/1/2022,Korea (Rep. of),Jeollanam-do,1
1087,Virginia,2/1/2022,United States of America,North Carolina,6
1088,Washington,4/25/2022,Canada,Alberta,118
1089,Washington,4/25/2022,Canada,British Columbia,14
1090,Washington,4/25/2022,Canada,Manitoba,50
1091,Washington,4/25/2022,Canada,New Brunswick,4
1092,Washington,4/25/2022,Canada,Newfoundland and Labrador,9
1093,Washington,4/25/2022,Canada,Ontario,77
1094,Washington,4/25/2022,Canada,Québec,101
1095,Washington,4/25/2022,Canada,Saskatchewan,80
1096,Washington,4/25/2022,France,Bretagne,4
1097,Washington,4/25/2022,France,Centre-Val de Loire,2
1098,Washington,4/25/2022,France,Grand Est,1
1099,Washington,4/25/2022,France,Normandie,5
1100,Washington,4/25/2022,France,Nouvelle-Aquitaine,95
1101,Washington,4/25/2022,France,Occitanie,37
1102,Washington,4/25/2022,France,Pays de la Loire,160
1103,Washington,4/25/2022,Russia,Khabarovsk,1
1104,Washington,4/25/2022,United Kingdom,England,63
1105,Washington,4/25/2022,United Kingdom,Scotland,37
1106,Washington,4/25/2022,United States of America,Colorado,6
1107,Washington,4/25/2022,United States of America,Florida,5
1108,Washington,4/25/2022,United States of America,Idaho,6
1109,Washington,4/25/2022,United States of America,Illinois,4
1110,Washington,4/25/2022,United States of America,Indiana,7
1111,Washington,4/25/2022,United States of America,Iowa,25
1112,Washington,4/25/2022,United States of America,Kansas,2
1113,Washington,4/25/2022,United States of America,Maine,4
1114,Washington,4/25/2022,United States of America,Michigan,9
1115,Washington,4/25/2022,United States of America,Minnesota,147
1116,Washington,4/25/2022,United States of America,Missouri,7
1117,Washington,4/25/2022,United States of America,Montana,12
1118,Washington,4/25/2022,United States of America,Nebraska,9
1119,Washington,4/25/2022,United States of America,New York,17
1120,Washington,4/25/2022,United States of America,North Carolina,18
1121,Washington,4/25/2022,United States of America,North Dakota,28
1122,Washington,4/25/2022,United States of America,Ohio,2
1123,Washington,4/25/2022,United States of America,Pennsylvania,8
1124,Washington,4/25/2022,United States of America,South Dakota,58
1125,Washington,4/25/2022,United States of America,Utah,5
1126,Washington,4/25/2022,United States of America,Vermont,3
1127,Washington,4/25/2022,United States of America,Wisconsin,28
1128,Washington,4/25/2022,United States of America,Wyoming,13
1129,West Virginia,12/16/2022,Canada,Alberta,1
1130,West Virginia,12/16/2022,Canada,Ontario,5
1131,West Virginia,12/16/2022,Canada,Prince Edward Island,2
1132,West Virginia,12/16/2022,Canada,Québec,1
1133,West Virginia,12/16/2022,Mexico,Jalisco,13
1134,West Virginia,12/16/2022,Mexico,Michoacán,1
1135,West Virginia,12/16/2022,Mexico,Oaxaca,2
1136,West Virginia,12/16/2022,Mexico,Puebla,2
1137,West Virginia,12/16/2022,Mexico,Sonora,1
1138,West Virginia,12/16/2022,Mexico,Tamaulipas,3
1139,West Virginia,12/16/2022,Mexico,Yucatán,21
1140,West Virginia,12/16/2022,United States of America,Alabama,3
1141,West Virginia,12/16/2022,United States of America,Alaska,4
1142,West Virginia,12/16/2022,United States of America,Arkansas,2
1143,West Virginia,12/16/2022,United States of America,California,4
1144,West Virginia,12/16/2022,United States of America,Colorado,3
1145,West Virginia,12/16/2022,United States of America,Florida,4
1146,West Virginia,12/16/2022,United States of America,Idaho,1
1147,West Virginia,12/16/2022,United States of America,Illinois,1
1148,West Virginia,12/16/2022,United States of America,Indiana,1
1149,West Virginia,12/16/2022,United States of America,Iowa,9
1150,West Virginia,12/16/2022,United States of America,Maryland,1
1151,West Virginia,12/16/2022,United States of America,Michigan,1
1152,West Virginia,12/16/2022,United States of America,Minnesota,4
1153,West Virginia,12/16/2022,United States of America,Missouri,7
1154,West Virginia,12/16/2022,United States of America,Montana,4
1155,West Virginia,12/16/2022,United States of America,Nebraska,2
1156,West Virginia,12/16/2022,United States of America,Nevada,1
1157,West Virginia,12/16/2022,United States of America,North Carolina,5
1158,West Virginia,12/16/2022,United States of America,Oklahoma,1
1159,West Virginia,12/16/2022,United States of America,Oregon,8
1160,West Virginia,12/16/2022,United States of America,South Dakota,43
1161,West Virginia,12/16/2022,United States of America,Tennessee,3
1162,West Virginia,12/16/2022,United States of America,Texas,1
1163,West Virginia,12/16/2022,United States of America,Utah,1
1164,West Virginia,12/16/2022,United States of America,Vermont,3
1165,West Virginia,12/16/2022,United States of America,Washington,5
1166,West Virginia,12/16/2022,United States of America,Wisconsin,1
1167,Wisconsin,3/13/2022,Canada,New Brunswick,53
1168,Wisconsin,3/13/2022,Canada,Nova Scotia,2
1169,Wisconsin,3/13/2022,Canada,Prince Edward Island,9
1170,Wisconsin,3/13/2022,United States of America,Alabama,1
1171,Wisconsin,3/13/2022,United States of America,Connecticut,5
1172,Wisconsin,3/13/2022,United States of America,Delaware,5
1173,Wisconsin,3/13/2022,United States of America,Florida,2
1174,Wisconsin,3/13/2022,United States of America,Illinois,3
1175,Wisconsin,3/13/2022,United States of America,Indiana,12
1176,Wisconsin,3/13/2022,United States of America,Iowa,7
1177,Wisconsin,3/13/2022,United States of America,Kansas,2
1178,Wisconsin,3/13/2022,United States of America,Kentucky,3
1179,Wisconsin,3/13/2022,United States of America,Maine,10
1180,Wisconsin,3/13/2022,United States of America,Maryland,8
1181,Wisconsin,3/13/2022,United States of America,Massachusetts,1
1182,Wisconsin,3/13/2022,United States of America,Michigan,3
1183,Wisconsin,3/13/2022,United States of America,Missouri,9
1184,Wisconsin,3/13/2022,United States of America,Nebraska,3
1185,Wisconsin,3/13/2022,United States of America,New Jersey,1
1186,Wisconsin,3/13/2022,United States of America,New York,6
1187,Wisconsin,3/13/2022,United States of America,North Carolina,4
1188,Wisconsin,3/13/2022,United States of America,Ohio,1
1189,Wisconsin,3/13/2022,United States of America,South Dakota,2
1190,Wisconsin,3/13/2022,United States of America,Tennessee,1
1191,Wyoming,3/25/2022,Canada,New Brunswick,35
1192,Wyoming,3/25/2022,Canada,Nova Scotia,29
1193,Wyoming,3/25/2022,Canada,Ontario,19
1194,Wyoming,3/25/2022,Canada,Prince Edward Island,11
1195,Wyoming,3/25/2022,Canada,Québec,10
1196,Wyoming,3/25/2022,Russia,Astrakhan',1
1197,Wyoming,3/25/2022,United States of America,Alabama,1
1198,Wyoming,3/25/2022,United States of America,Connecticut,4
1199,Wyoming,3/25/2022,United States of America,Delaware,4
1200,Wyoming,3/25/2022,United States of America,Florida,7
1201,Wyoming,3/25/2022,United States of America,Illinois,3
1202,Wyoming,3/25/2022,United States of America,Indiana,6
1203,Wyoming,3/25/2022,United States of America,Iowa,12
1204,Wyoming,3/25/2022,United States of America,Kansas,11
1205,Wyoming,3/25/2022,United States of America,Maine,19
1206,Wyoming,3/25/2022,United States of America,Maryland,11
1207,Wyoming,3/25/2022,United States of America,Massachusetts,5
1208,Wyoming,3/25/2022,United States of America,Michigan,6
1209,Wyoming,3/25/2022,United States of America,Missouri,12
1210,Wyoming,3/25/2022,United States of America,Nebraska,5
1211,Wyoming,3/25/2022,United States of America,New Hampshire,4
1212,Wyoming,3/25/2022,United States of America,New Jersey,1
1213,Wyoming,3/25/2022,United States of America,New York,5
1214,Wyoming,3/25/2022,United States of America,North Carolina,2
1215,Wyoming,3/25/2022,United States of America,Ohio,2
1216,Wyoming,3/25/2022,United States of America,South Dakota,21
1217,Wyoming,3/25/2022,United States of America,Tennessee,1
1218,Wyoming,3/25/2022,United States of America,Texas,3
1219,Wyoming,3/25/2022,United States of America,Wisconsin,3
